2mn Boya S;ALVAREZ DE LA CAMPA 26A
2mn Boya S;Bocana S
2mn Boya S;Boya S
2mn Boya S;CONTRADIC (NORD) 22A
2mn Boya S;CONTRADIC (SUD) 22C
2mn Boya S;COSTA 21A
2mn Boya S;DARSENA INTERIOR A 31A
2mn Boya S;DARSENA INTERIOR B 31B
2mn Boya S;DARSENA SUD 30C
2mn Boya S;DARSENA SUR 30A
2mn Boya S;DARSENA SUR 30B
2mn Boya S;Dique SUR
2mn Boya S;First Line
2mn Boya S;FONDEIG 90A
2mn Boya S;INFLAMMABLES 32A
2mn Boya S;INFLAMMABLES 32B
2mn Boya S;INFLAMMABLES 32C
2mn Boya S;INFLAMMABLES 32D
2mn Boya S;INFLAMMABLES 32E
2mn Boya S;INFLAMMABLES 32F
2mn Boya S;INFLAMMABLES 32G
2mn Boya S;INFLAMMABLES 33B
2mn Boya S;INFLAMMABLES 34B
2mn Boya S;LEPANTO 27A
2mn Boya S;LEPANTO 27B
2mn Boya S;NOU CONTRADIC C 33C
2mn Boya S;OESTE 23A
2mn Boya S;Paso A Campa
2mn Boya S;Paso M Contrad.
2mn Boya S;Paso M Sur
2mn Boya S;Paso Torre
2mn Boya S;PONIENTE 20A
2mn Boya S;PONIENTE 20C
2mn Boya S;PONIENTE 20D
2mn Boya S;Practico S
2mn Boya S;PRAT 36A
2mn Boya S;PRINCEP D'ESPANYA 28A
2mn Boya S;SUD (EN ESPERA) 24X
2mn Boya S;SUD (SUD) 24C
2mn Boya S;SUR (EST) 24B
2mn Boya S;SUR (NORD) 24A
4mn Boya N;ADOSSAT 00A
4mn Boya N;ADOSSAT 01D
4mn Boya N;BARCELONA 18A
4mn Boya N;BARCELONA 18B
4mn Boya N;BARCELONA 18C
4mn Boya N;BARCELONETA 13A
4mn Boya N;Bocana N
4mn Boya N;BOSCHI ALSINA 16A
4mn Boya N;Boya N
4mn Boya N;CATALUNYA 06C
4mn Boya N;CONTRADIC (EST) 22B
4mn Boya N;DIC SEC 04A
4mn Boya N;DIPOSIT 14A
4mn Boya N;ESPANYA 15A
4mn Boya N;ESPANYA 15B
4mn Boya N;First Line
4mn Boya N;LLEVANT 02B
4mn Boya N;LLEVANT 02D
4mn Boya N;LLEVENT 02C
4mn Boya N;MARINA'92 - NOU ESCAR 07A
4mn Boya N;MARINA'92 - NOU ESCAR 07B
4mn Boya N;MARINA'92 - NOU ESCAR 08A
4mn Boya N;MARINA'92 - NOU ESCAR 09A
4mn Boya N;MARINA'92 (NORD) 07C
4mn Boya N;MOLL DEL DIC FLOTANT 03B
4mn Boya N;MOLL DEL DIC SEC 03C
4mn Boya N;OCCIDENTAL 05B
4mn Boya N;ORIENTAL  03A
4mn Boya N;P. DE LA PAU - DRASSANES 17B
4mn Boya N;Paso M Levante
4mn Boya N;Paso WTC
4mn Boya N;PESCADORS - BALEARS 10A
4mn Boya N;PESCADORS - BALEARS 10B
4mn Boya N;PESCADORS - BALEARS 10C
4mn Boya N;PESCADORS - BALEARS 11B
4mn Boya N;PONIENTE 20B
4mn Boya N;Practico N
4mn Boya N;RELLOTGE 12A
4mn Boya N;SANT BERTRAN 19A
4mn Boya N;SANT BERTRAN 19B
ADOSSAT 00A;BARCELONA 18A
ADOSSAT 00A;BARCELONA 18B
ADOSSAT 00A;BARCELONA 18C
ADOSSAT 00A;BARCELONETA 13A
ADOSSAT 00A;BOSCHI ALSINA 16A
ADOSSAT 00A;CATALUNYA 06C
ADOSSAT 00A;CONTRADIC (EST) 22B
ADOSSAT 00A;DIC SEC 04A
ADOSSAT 00A;DIPOSIT 14A
ADOSSAT 00A;ESPANYA 15A
ADOSSAT 00A;ESPANYA 15B
ADOSSAT 00A;First Line
ADOSSAT 00A;LLEVANT 02B
ADOSSAT 00A;LLEVANT 02D
ADOSSAT 00A;LLEVENT 02C
ADOSSAT 00A;MARINA'92 - NOU ESCAR 07A
ADOSSAT 00A;MARINA'92 - NOU ESCAR 07B
ADOSSAT 00A;MARINA'92 - NOU ESCAR 08A
ADOSSAT 00A;MARINA'92 - NOU ESCAR 09A
ADOSSAT 00A;MARINA'92 (NORD) 07C
ADOSSAT 00A;MOLL DEL DIC FLOTANT 03B
ADOSSAT 00A;MOLL DEL DIC SEC 03C
ADOSSAT 00A;OCCIDENTAL 05B
ADOSSAT 00A;ORIENTAL  03A
ADOSSAT 00A;P. DE LA PAU - DRASSANES 17B
ADOSSAT 00A;PESCADORS - BALEARS 10A
ADOSSAT 00A;PESCADORS - BALEARS 10B
ADOSSAT 00A;PESCADORS - BALEARS 10C
ADOSSAT 00A;PESCADORS - BALEARS 11B
ADOSSAT 00A;PONIENTE 20B
ADOSSAT 00A;RELLOTGE 12A
ADOSSAT 00A;SANT BERTRAN 19A
ADOSSAT 00A;SANT BERTRAN 19B
ADOSSAT 01D;ADOSSAT 00A
ADOSSAT 01D;BARCELONA 18A
ADOSSAT 01D;BARCELONA 18B
ADOSSAT 01D;BARCELONA 18C
ADOSSAT 01D;BARCELONETA 13A
ADOSSAT 01D;BOSCHI ALSINA 16A
ADOSSAT 01D;CATALUNYA 06C
ADOSSAT 01D;CONTRADIC (EST) 22B
ADOSSAT 01D;DIC SEC 04A
ADOSSAT 01D;DIPOSIT 14A
ADOSSAT 01D;ESPANYA 15A
ADOSSAT 01D;ESPANYA 15B
ADOSSAT 01D;First Line
ADOSSAT 01D;LLEVANT 02B
ADOSSAT 01D;LLEVANT 02D
ADOSSAT 01D;LLEVENT 02C
ADOSSAT 01D;MARINA'92 - NOU ESCAR 07A
ADOSSAT 01D;MARINA'92 - NOU ESCAR 07B
ADOSSAT 01D;MARINA'92 - NOU ESCAR 08A
ADOSSAT 01D;MARINA'92 - NOU ESCAR 09A
ADOSSAT 01D;MARINA'92 (NORD) 07C
ADOSSAT 01D;MOLL DEL DIC FLOTANT 03B
ADOSSAT 01D;MOLL DEL DIC SEC 03C
ADOSSAT 01D;OCCIDENTAL 05B
ADOSSAT 01D;ORIENTAL  03A
ADOSSAT 01D;P. DE LA PAU - DRASSANES 17B
ADOSSAT 01D;PESCADORS - BALEARS 10A
ADOSSAT 01D;PESCADORS - BALEARS 10B
ADOSSAT 01D;PESCADORS - BALEARS 10C
ADOSSAT 01D;PESCADORS - BALEARS 11B
ADOSSAT 01D;PONIENTE 20B
ADOSSAT 01D;RELLOTGE 12A
ADOSSAT 01D;SANT BERTRAN 19A
ADOSSAT 01D;SANT BERTRAN 19B
ALVAREZ DE LA CAMPA 26A;CONTRADIC (NORD) 22A
ALVAREZ DE LA CAMPA 26A;DARSENA INTERIOR A 31A
ALVAREZ DE LA CAMPA 26A;DARSENA INTERIOR B 31B
ALVAREZ DE LA CAMPA 26A;DARSENA SUD 30C
ALVAREZ DE LA CAMPA 26A;DARSENA SUR 30A
ALVAREZ DE LA CAMPA 26A;DARSENA SUR 30B
ALVAREZ DE LA CAMPA 26A;Dique SUR
ALVAREZ DE LA CAMPA 26A;First Line
ALVAREZ DE LA CAMPA 26A;INFLAMMABLES 32A
ALVAREZ DE LA CAMPA 26A;INFLAMMABLES 32B
ALVAREZ DE LA CAMPA 26A;INFLAMMABLES 32C
ALVAREZ DE LA CAMPA 26A;INFLAMMABLES 32E
ALVAREZ DE LA CAMPA 26A;INFLAMMABLES 32F
ALVAREZ DE LA CAMPA 26A;INFLAMMABLES 32G
ALVAREZ DE LA CAMPA 26A;INFLAMMABLES 33B
ALVAREZ DE LA CAMPA 26A;INFLAMMABLES 34B
ALVAREZ DE LA CAMPA 26A;LEPANTO 27A
ALVAREZ DE LA CAMPA 26A;LEPANTO 27B
ALVAREZ DE LA CAMPA 26A;PONIENTE 20A
ALVAREZ DE LA CAMPA 26A;PONIENTE 20C
ALVAREZ DE LA CAMPA 26A;PONIENTE 20D
ALVAREZ DE LA CAMPA 26A;PRAT 36A
ALVAREZ DE LA CAMPA 26A;SUD (EN ESPERA) 24X
ALVAREZ DE LA CAMPA 26A;SUD (SUD) 24C
ALVAREZ DE LA CAMPA 26A;SUR (EST) 24B
ALVAREZ DE LA CAMPA 26A;SUR (NORD) 24A
BARCELONA 18A;BARCELONA 18B
BARCELONA 18A;BARCELONA 18C
BARCELONA 18A;BOSCHI ALSINA 16A
BARCELONA 18A;CATALUNYA 06C
BARCELONA 18A;CONTRADIC (EST) 22B
BARCELONA 18A;DIC SEC 04A
BARCELONA 18A;DIPOSIT 14A
BARCELONA 18A;ESPANYA 15A
BARCELONA 18A;ESPANYA 15B
BARCELONA 18A;First Line
BARCELONA 18A;LLEVANT 02B
BARCELONA 18A;LLEVANT 02D
BARCELONA 18A;LLEVENT 02C
BARCELONA 18A;MARINA'92 - NOU ESCAR 07A
BARCELONA 18A;MARINA'92 - NOU ESCAR 07B
BARCELONA 18A;MARINA'92 - NOU ESCAR 08A
BARCELONA 18A;MARINA'92 - NOU ESCAR 09A
BARCELONA 18A;MARINA'92 (NORD) 07C
BARCELONA 18A;MOLL DEL DIC FLOTANT 03B
BARCELONA 18A;MOLL DEL DIC SEC 03C
BARCELONA 18A;OCCIDENTAL 05B
BARCELONA 18A;ORIENTAL  03A
BARCELONA 18A;P. DE LA PAU - DRASSANES 17B
BARCELONA 18A;PESCADORS - BALEARS 10A
BARCELONA 18A;PESCADORS - BALEARS 10B
BARCELONA 18A;PESCADORS - BALEARS 11B
BARCELONA 18A;PONIENTE 20B
BARCELONA 18A;RELLOTGE 12A
BARCELONA 18A;SANT BERTRAN 19A
BARCELONA 18A;SANT BERTRAN 19B
BARCELONA 18B;BOSCHI ALSINA 16A
BARCELONA 18B;CATALUNYA 06C
BARCELONA 18B;DIPOSIT 14A
BARCELONA 18B;ESPANYA 15B
BARCELONA 18B;First Line
BARCELONA 18B;LLEVANT 02B
BARCELONA 18B;LLEVANT 02D
BARCELONA 18B;LLEVENT 02C
BARCELONA 18B;MARINA'92 - NOU ESCAR 07A
BARCELONA 18B;P. DE LA PAU - DRASSANES 17B
BARCELONA 18B;PESCADORS - BALEARS 10A
BARCELONA 18B;PESCADORS - BALEARS 10B
BARCELONA 18B;PESCADORS - BALEARS 11B
BARCELONA 18B;PONIENTE 20B
BARCELONA 18C;BARCELONA 18B
BARCELONA 18C;BOSCHI ALSINA 16A
BARCELONA 18C;CATALUNYA 06C
BARCELONA 18C;DIPOSIT 14A
BARCELONA 18C;ESPANYA 15B
BARCELONA 18C;First Line
BARCELONA 18C;LLEVANT 02B
BARCELONA 18C;LLEVANT 02D
BARCELONA 18C;LLEVENT 02C
BARCELONA 18C;MARINA'92 - NOU ESCAR 07A
BARCELONA 18C;MARINA'92 - NOU ESCAR 08A
BARCELONA 18C;MARINA'92 (NORD) 07C
BARCELONA 18C;MOLL DEL DIC FLOTANT 03B
BARCELONA 18C;OCCIDENTAL 05B
BARCELONA 18C;P. DE LA PAU - DRASSANES 17B
BARCELONA 18C;PESCADORS - BALEARS 10A
BARCELONA 18C;PESCADORS - BALEARS 10B
BARCELONA 18C;PESCADORS - BALEARS 11B
BARCELONA 18C;PONIENTE 20B
BARCELONA 18C;RELLOTGE 12A
BARCELONETA 13A;BARCELONA 18A
BARCELONETA 13A;BARCELONA 18B
BARCELONETA 13A;BARCELONA 18C
BARCELONETA 13A;BOSCHI ALSINA 16A
BARCELONETA 13A;CATALUNYA 06C
BARCELONETA 13A;CONTRADIC (EST) 22B
BARCELONETA 13A;DIC SEC 04A
BARCELONETA 13A;DIPOSIT 14A
BARCELONETA 13A;ESPANYA 15A
BARCELONETA 13A;ESPANYA 15B
BARCELONETA 13A;First Line
BARCELONETA 13A;LLEVANT 02B
BARCELONETA 13A;LLEVANT 02D
BARCELONETA 13A;LLEVENT 02C
BARCELONETA 13A;MARINA'92 - NOU ESCAR 07A
BARCELONETA 13A;MARINA'92 - NOU ESCAR 07B
BARCELONETA 13A;MARINA'92 - NOU ESCAR 08A
BARCELONETA 13A;MARINA'92 - NOU ESCAR 09A
BARCELONETA 13A;MARINA'92 (NORD) 07C
BARCELONETA 13A;MOLL DEL DIC FLOTANT 03B
BARCELONETA 13A;MOLL DEL DIC SEC 03C
BARCELONETA 13A;OCCIDENTAL 05B
BARCELONETA 13A;ORIENTAL  03A
BARCELONETA 13A;P. DE LA PAU - DRASSANES 17B
BARCELONETA 13A;PESCADORS - BALEARS 10A
BARCELONETA 13A;PESCADORS - BALEARS 10B
BARCELONETA 13A;PESCADORS - BALEARS 10C
BARCELONETA 13A;PESCADORS - BALEARS 11B
BARCELONETA 13A;PONIENTE 20B
BARCELONETA 13A;RELLOTGE 12A
BARCELONETA 13A;SANT BERTRAN 19A
BARCELONETA 13A;SANT BERTRAN 19B
Bocana N;ADOSSAT 00A
Bocana N;ADOSSAT 01D
Bocana N;BARCELONA 18A
Bocana N;BARCELONA 18B
Bocana N;BARCELONA 18C
Bocana N;BARCELONETA 13A
Bocana N;BOSCHI ALSINA 16A
Bocana N;CATALUNYA 06C
Bocana N;CONTRADIC (EST) 22B
Bocana N;DIC SEC 04A
Bocana N;DIPOSIT 14A
Bocana N;ESPANYA 15A
Bocana N;ESPANYA 15B
Bocana N;First Line
Bocana N;LLEVANT 02B
Bocana N;LLEVANT 02D
Bocana N;LLEVENT 02C
Bocana N;MARINA'92 - NOU ESCAR 07A
Bocana N;MARINA'92 - NOU ESCAR 07B
Bocana N;MARINA'92 - NOU ESCAR 08A
Bocana N;MARINA'92 - NOU ESCAR 09A
Bocana N;MARINA'92 (NORD) 07C
Bocana N;MOLL DEL DIC FLOTANT 03B
Bocana N;MOLL DEL DIC SEC 03C
Bocana N;OCCIDENTAL 05B
Bocana N;ORIENTAL  03A
Bocana N;P. DE LA PAU - DRASSANES 17B
Bocana N;Paso M Levante
Bocana N;Paso WTC
Bocana N;PESCADORS - BALEARS 10A
Bocana N;PESCADORS - BALEARS 10B
Bocana N;PESCADORS - BALEARS 10C
Bocana N;PESCADORS - BALEARS 11B
Bocana N;PONIENTE 20B
Bocana N;RELLOTGE 12A
Bocana N;SANT BERTRAN 19A
Bocana N;SANT BERTRAN 19B
Bocana S;ALVAREZ DE LA CAMPA 26A
Bocana S;CONTRADIC (NORD) 22A
Bocana S;CONTRADIC (SUD) 22C
Bocana S;COSTA 21A
Bocana S;DARSENA INTERIOR A 31A
Bocana S;DARSENA INTERIOR B 31B
Bocana S;DARSENA SUD 30C
Bocana S;DARSENA SUR 30A
Bocana S;DARSENA SUR 30B
Bocana S;Dique SUR
Bocana S;First Line
Bocana S;FONDEIG 90A
Bocana S;INFLAMMABLES 32A
Bocana S;INFLAMMABLES 32B
Bocana S;INFLAMMABLES 32C
Bocana S;INFLAMMABLES 32D
Bocana S;INFLAMMABLES 32E
Bocana S;INFLAMMABLES 32F
Bocana S;INFLAMMABLES 32G
Bocana S;INFLAMMABLES 33B
Bocana S;INFLAMMABLES 34B
Bocana S;LEPANTO 27A
Bocana S;LEPANTO 27B
Bocana S;NOU CONTRADIC C 33C
Bocana S;OESTE 23A
Bocana S;Paso A Campa
Bocana S;Paso M Contrad.
Bocana S;Paso M Sur
Bocana S;Paso Torre
Bocana S;PONIENTE 20A
Bocana S;PONIENTE 20C
Bocana S;PONIENTE 20D
Bocana S;PRAT 36A
Bocana S;PRINCEP D'ESPANYA 28A
Bocana S;SUD (EN ESPERA) 24X
Bocana S;SUD (SUD) 24C
Bocana S;SUR (EST) 24B
Bocana S;SUR (NORD) 24A
BOSCHI ALSINA 16A;CATALUNYA 06C
BOSCHI ALSINA 16A;First Line
BOSCHI ALSINA 16A;LLEVANT 02B
BOSCHI ALSINA 16A;LLEVANT 02D
BOSCHI ALSINA 16A;MARINA'92 - NOU ESCAR 07A
BOSCHI ALSINA 16A;P. DE LA PAU - DRASSANES 17B
BOSCHI ALSINA 16A;PESCADORS - BALEARS 10A
BOSCHI ALSINA 16A;PESCADORS - BALEARS 10B
BOSCHI ALSINA 16A;PESCADORS - BALEARS 11B
BOSCHI ALSINA 16A;PONIENTE 20B
Boya N;ADOSSAT 00A
Boya N;ADOSSAT 01D
Boya N;BARCELONA 18A
Boya N;BARCELONA 18B
Boya N;BARCELONA 18C
Boya N;BARCELONETA 13A
Boya N;Bocana N
Boya N;BOSCHI ALSINA 16A
Boya N;CATALUNYA 06C
Boya N;CONTRADIC (EST) 22B
Boya N;DIC SEC 04A
Boya N;DIPOSIT 14A
Boya N;ESPANYA 15A
Boya N;ESPANYA 15B
Boya N;First Line
Boya N;LLEVANT 02B
Boya N;LLEVANT 02D
Boya N;LLEVENT 02C
Boya N;MARINA'92 - NOU ESCAR 07A
Boya N;MARINA'92 - NOU ESCAR 07B
Boya N;MARINA'92 - NOU ESCAR 08A
Boya N;MARINA'92 - NOU ESCAR 09A
Boya N;MARINA'92 (NORD) 07C
Boya N;MOLL DEL DIC FLOTANT 03B
Boya N;MOLL DEL DIC SEC 03C
Boya N;OCCIDENTAL 05B
Boya N;ORIENTAL  03A
Boya N;P. DE LA PAU - DRASSANES 17B
Boya N;Paso M Levante
Boya N;Paso WTC
Boya N;PESCADORS - BALEARS 10A
Boya N;PESCADORS - BALEARS 10B
Boya N;PESCADORS - BALEARS 10C
Boya N;PESCADORS - BALEARS 11B
Boya N;PONIENTE 20B
Boya N;Practico N
Boya N;RELLOTGE 12A
Boya N;SANT BERTRAN 19A
Boya N;SANT BERTRAN 19B
Boya S;ALVAREZ DE LA CAMPA 26A
Boya S;Bocana S
Boya S;CONTRADIC (NORD) 22A
Boya S;CONTRADIC (SUD) 22C
Boya S;COSTA 21A
Boya S;DARSENA INTERIOR A 31A
Boya S;DARSENA INTERIOR B 31B
Boya S;DARSENA SUD 30C
Boya S;DARSENA SUR 30A
Boya S;DARSENA SUR 30B
Boya S;Dique SUR
Boya S;First Line
Boya S;FONDEIG 90A
Boya S;INFLAMMABLES 32A
Boya S;INFLAMMABLES 32B
Boya S;INFLAMMABLES 32C
Boya S;INFLAMMABLES 32D
Boya S;INFLAMMABLES 32E
Boya S;INFLAMMABLES 32F
Boya S;INFLAMMABLES 32G
Boya S;INFLAMMABLES 33B
Boya S;INFLAMMABLES 34B
Boya S;LEPANTO 27A
Boya S;LEPANTO 27B
Boya S;NOU CONTRADIC C 33C
Boya S;OESTE 23A
Boya S;Paso A Campa
Boya S;Paso M Contrad.
Boya S;Paso M Sur
Boya S;Paso Torre
Boya S;PONIENTE 20A
Boya S;PONIENTE 20C
Boya S;PONIENTE 20D
Boya S;Practico S
Boya S;PRAT 36A
Boya S;PRINCEP D'ESPANYA 28A
Boya S;SUD (EN ESPERA) 24X
Boya S;SUD (SUD) 24C
Boya S;SUR (EST) 24B
Boya S;SUR (NORD) 24A
CATALUNYA 06C;First Line
CATALUNYA 06C;PESCADORS - BALEARS 10A
Conf. Urgente N;4mn Boya N
Conf. Urgente N;ADOSSAT 00A
Conf. Urgente N;ADOSSAT 01D
Conf. Urgente N;BARCELONA 18A
Conf. Urgente N;BARCELONA 18B
Conf. Urgente N;BARCELONA 18C
Conf. Urgente N;BARCELONETA 13A
Conf. Urgente N;Bocana N
Conf. Urgente N;BOSCHI ALSINA 16A
Conf. Urgente N;Boya N
Conf. Urgente N;CATALUNYA 06C
Conf. Urgente N;CONTRADIC (EST) 22B
Conf. Urgente N;DIC SEC 04A
Conf. Urgente N;DIPOSIT 14A
Conf. Urgente N;ESPANYA 15A
Conf. Urgente N;ESPANYA 15B
Conf. Urgente N;First Line
Conf. Urgente N;LLEVANT 02B
Conf. Urgente N;LLEVANT 02D
Conf. Urgente N;LLEVENT 02C
Conf. Urgente N;MARINA'92 - NOU ESCAR 07A
Conf. Urgente N;MARINA'92 - NOU ESCAR 07B
Conf. Urgente N;MARINA'92 - NOU ESCAR 08A
Conf. Urgente N;MARINA'92 - NOU ESCAR 09A
Conf. Urgente N;MARINA'92 (NORD) 07C
Conf. Urgente N;MOLL DEL DIC FLOTANT 03B
Conf. Urgente N;MOLL DEL DIC SEC 03C
Conf. Urgente N;OCCIDENTAL 05B
Conf. Urgente N;ORIENTAL  03A
Conf. Urgente N;P. DE LA PAU - DRASSANES 17B
Conf. Urgente N;Paso M Levante
Conf. Urgente N;Paso WTC
Conf. Urgente N;PESCADORS - BALEARS 10A
Conf. Urgente N;PESCADORS - BALEARS 10B
Conf. Urgente N;PESCADORS - BALEARS 10C
Conf. Urgente N;PESCADORS - BALEARS 11B
Conf. Urgente N;PONIENTE 20B
Conf. Urgente N;Practico N
Conf. Urgente N;RELLOTGE 12A
Conf. Urgente N;SANT BERTRAN 19A
Conf. Urgente N;SANT BERTRAN 19B
Conf. Urgente S;2mn Boya S
Conf. Urgente S;ALVAREZ DE LA CAMPA 26A
Conf. Urgente S;Bocana S
Conf. Urgente S;Boya S
Conf. Urgente S;CONTRADIC (NORD) 22A
Conf. Urgente S;CONTRADIC (SUD) 22C
Conf. Urgente S;COSTA 21A
Conf. Urgente S;DARSENA INTERIOR A 31A
Conf. Urgente S;DARSENA INTERIOR B 31B
Conf. Urgente S;DARSENA SUD 30C
Conf. Urgente S;DARSENA SUR 30A
Conf. Urgente S;DARSENA SUR 30B
Conf. Urgente S;Dique SUR
Conf. Urgente S;First Line
Conf. Urgente S;FONDEIG 90A
Conf. Urgente S;INFLAMMABLES 32A
Conf. Urgente S;INFLAMMABLES 32B
Conf. Urgente S;INFLAMMABLES 32C
Conf. Urgente S;INFLAMMABLES 32D
Conf. Urgente S;INFLAMMABLES 32E
Conf. Urgente S;INFLAMMABLES 32F
Conf. Urgente S;INFLAMMABLES 32G
Conf. Urgente S;INFLAMMABLES 33B
Conf. Urgente S;INFLAMMABLES 34B
Conf. Urgente S;LEPANTO 27A
Conf. Urgente S;LEPANTO 27B
Conf. Urgente S;NOU CONTRADIC C 33C
Conf. Urgente S;OESTE 23A
Conf. Urgente S;Paso A Campa
Conf. Urgente S;Paso M Contrad.
Conf. Urgente S;Paso M Sur
Conf. Urgente S;Paso Torre
Conf. Urgente S;PONIENTE 20A
Conf. Urgente S;PONIENTE 20C
Conf. Urgente S;PONIENTE 20D
Conf. Urgente S;Practico S
Conf. Urgente S;PRAT 36A
Conf. Urgente S;PRINCEP D'ESPANYA 28A
Conf. Urgente S;SUD (EN ESPERA) 24X
Conf. Urgente S;SUD (SUD) 24C
Conf. Urgente S;SUR (EST) 24B
Conf. Urgente S;SUR (NORD) 24A
CONTRADIC (EST) 22B;BARCELONA 18B
CONTRADIC (EST) 22B;BARCELONA 18C
CONTRADIC (EST) 22B;BOSCHI ALSINA 16A
CONTRADIC (EST) 22B;CATALUNYA 06C
CONTRADIC (EST) 22B;DIPOSIT 14A
CONTRADIC (EST) 22B;ESPANYA 15B
CONTRADIC (EST) 22B;First Line
CONTRADIC (EST) 22B;LLEVANT 02B
CONTRADIC (EST) 22B;LLEVANT 02D
CONTRADIC (EST) 22B;LLEVENT 02C
CONTRADIC (EST) 22B;MARINA'92 - NOU ESCAR 07A
CONTRADIC (EST) 22B;MARINA'92 - NOU ESCAR 08A
CONTRADIC (EST) 22B;MARINA'92 (NORD) 07C
CONTRADIC (EST) 22B;MOLL DEL DIC FLOTANT 03B
CONTRADIC (EST) 22B;MOLL DEL DIC SEC 03C
CONTRADIC (EST) 22B;OCCIDENTAL 05B
CONTRADIC (EST) 22B;P. DE LA PAU - DRASSANES 17B
CONTRADIC (EST) 22B;PESCADORS - BALEARS 10A
CONTRADIC (EST) 22B;PESCADORS - BALEARS 10B
CONTRADIC (EST) 22B;PESCADORS - BALEARS 11B
CONTRADIC (EST) 22B;PONIENTE 20B
CONTRADIC (EST) 22B;RELLOTGE 12A
CONTRADIC (NORD) 22A;DARSENA INTERIOR A 31A
CONTRADIC (NORD) 22A;DARSENA INTERIOR B 31B
CONTRADIC (NORD) 22A;DARSENA SUR 30A
CONTRADIC (NORD) 22A;DARSENA SUR 30B
CONTRADIC (NORD) 22A;Dique SUR
CONTRADIC (NORD) 22A;First Line
CONTRADIC (NORD) 22A;INFLAMMABLES 32A
CONTRADIC (NORD) 22A;INFLAMMABLES 32B
CONTRADIC (NORD) 22A;INFLAMMABLES 32C
CONTRADIC (NORD) 22A;INFLAMMABLES 32E
CONTRADIC (NORD) 22A;INFLAMMABLES 32F
CONTRADIC (NORD) 22A;INFLAMMABLES 32G
CONTRADIC (NORD) 22A;INFLAMMABLES 33B
CONTRADIC (NORD) 22A;INFLAMMABLES 34B
CONTRADIC (NORD) 22A;LEPANTO 27A
CONTRADIC (NORD) 22A;LEPANTO 27B
CONTRADIC (NORD) 22A;PONIENTE 20A
CONTRADIC (NORD) 22A;PONIENTE 20C
CONTRADIC (NORD) 22A;SUD (EN ESPERA) 24X
CONTRADIC (NORD) 22A;SUD (SUD) 24C
CONTRADIC (NORD) 22A;SUR (EST) 24B
CONTRADIC (NORD) 22A;SUR (NORD) 24A
CONTRADIC (SUD) 22C;ALVAREZ DE LA CAMPA 26A
CONTRADIC (SUD) 22C;CONTRADIC (NORD) 22A
CONTRADIC (SUD) 22C;DARSENA INTERIOR A 31A
CONTRADIC (SUD) 22C;DARSENA INTERIOR B 31B
CONTRADIC (SUD) 22C;DARSENA SUD 30C
CONTRADIC (SUD) 22C;DARSENA SUR 30A
CONTRADIC (SUD) 22C;DARSENA SUR 30B
CONTRADIC (SUD) 22C;Dique SUR
CONTRADIC (SUD) 22C;First Line
CONTRADIC (SUD) 22C;INFLAMMABLES 32A
CONTRADIC (SUD) 22C;INFLAMMABLES 32B
CONTRADIC (SUD) 22C;INFLAMMABLES 32C
CONTRADIC (SUD) 22C;INFLAMMABLES 32D
CONTRADIC (SUD) 22C;INFLAMMABLES 32E
CONTRADIC (SUD) 22C;INFLAMMABLES 32F
CONTRADIC (SUD) 22C;INFLAMMABLES 32G
CONTRADIC (SUD) 22C;INFLAMMABLES 33B
CONTRADIC (SUD) 22C;INFLAMMABLES 34B
CONTRADIC (SUD) 22C;LEPANTO 27A
CONTRADIC (SUD) 22C;LEPANTO 27B
CONTRADIC (SUD) 22C;PONIENTE 20A
CONTRADIC (SUD) 22C;PONIENTE 20C
CONTRADIC (SUD) 22C;PONIENTE 20D
CONTRADIC (SUD) 22C;PRAT 36A
CONTRADIC (SUD) 22C;SUD (EN ESPERA) 24X
CONTRADIC (SUD) 22C;SUD (SUD) 24C
CONTRADIC (SUD) 22C;SUR (EST) 24B
CONTRADIC (SUD) 22C;SUR (NORD) 24A
COSTA 21A;ALVAREZ DE LA CAMPA 26A
COSTA 21A;CONTRADIC (NORD) 22A
COSTA 21A;CONTRADIC (SUD) 22C
COSTA 21A;DARSENA INTERIOR A 31A
COSTA 21A;DARSENA INTERIOR B 31B
COSTA 21A;DARSENA SUD 30C
COSTA 21A;DARSENA SUR 30A
COSTA 21A;DARSENA SUR 30B
COSTA 21A;Dique SUR
COSTA 21A;First Line
COSTA 21A;FONDEIG 90A
COSTA 21A;INFLAMMABLES 32A
COSTA 21A;INFLAMMABLES 32B
COSTA 21A;INFLAMMABLES 32C
COSTA 21A;INFLAMMABLES 32D
COSTA 21A;INFLAMMABLES 32E
COSTA 21A;INFLAMMABLES 32F
COSTA 21A;INFLAMMABLES 32G
COSTA 21A;INFLAMMABLES 33B
COSTA 21A;INFLAMMABLES 34B
COSTA 21A;LEPANTO 27A
COSTA 21A;LEPANTO 27B
COSTA 21A;NOU CONTRADIC C 33C
COSTA 21A;OESTE 23A
COSTA 21A;PONIENTE 20A
COSTA 21A;PONIENTE 20C
COSTA 21A;PONIENTE 20D
COSTA 21A;PRAT 36A
COSTA 21A;PRINCEP D'ESPANYA 28A
COSTA 21A;SUD (EN ESPERA) 24X
COSTA 21A;SUD (SUD) 24C
COSTA 21A;SUR (EST) 24B
COSTA 21A;SUR (NORD) 24A
DARSENA INTERIOR A 31A;DARSENA INTERIOR B 31B
DARSENA INTERIOR A 31A;DARSENA SUR 30A
DARSENA INTERIOR A 31A;DARSENA SUR 30B
DARSENA INTERIOR A 31A;Dique SUR
DARSENA INTERIOR A 31A;First Line
DARSENA INTERIOR A 31A;INFLAMMABLES 32B
DARSENA INTERIOR A 31A;INFLAMMABLES 32C
DARSENA INTERIOR A 31A;INFLAMMABLES 32E
DARSENA INTERIOR A 31A;INFLAMMABLES 32F
DARSENA INTERIOR A 31A;INFLAMMABLES 32G
DARSENA INTERIOR A 31A;INFLAMMABLES 33B
DARSENA INTERIOR A 31A;LEPANTO 27A
DARSENA INTERIOR A 31A;LEPANTO 27B
DARSENA INTERIOR A 31A;PONIENTE 20A
DARSENA INTERIOR A 31A;PONIENTE 20C
DARSENA INTERIOR A 31A;SUD (EN ESPERA) 24X
DARSENA INTERIOR A 31A;SUD (SUD) 24C
DARSENA INTERIOR A 31A;SUR (EST) 24B
DARSENA INTERIOR A 31A;SUR (NORD) 24A
DARSENA INTERIOR B 31B;DARSENA SUR 30A
DARSENA INTERIOR B 31B;DARSENA SUR 30B
DARSENA INTERIOR B 31B;Dique SUR
DARSENA INTERIOR B 31B;First Line
DARSENA INTERIOR B 31B;INFLAMMABLES 32B
DARSENA INTERIOR B 31B;INFLAMMABLES 32C
DARSENA INTERIOR B 31B;INFLAMMABLES 33B
DARSENA INTERIOR B 31B;LEPANTO 27A
DARSENA INTERIOR B 31B;LEPANTO 27B
DARSENA INTERIOR B 31B;PONIENTE 20A
DARSENA INTERIOR B 31B;PONIENTE 20C
DARSENA INTERIOR B 31B;SUD (EN ESPERA) 24X
DARSENA SUD 30C;CONTRADIC (NORD) 22A
DARSENA SUD 30C;DARSENA INTERIOR A 31A
DARSENA SUD 30C;DARSENA INTERIOR B 31B
DARSENA SUD 30C;DARSENA SUR 30A
DARSENA SUD 30C;DARSENA SUR 30B
DARSENA SUD 30C;Dique SUR
DARSENA SUD 30C;First Line
DARSENA SUD 30C;INFLAMMABLES 32A
DARSENA SUD 30C;INFLAMMABLES 32B
DARSENA SUD 30C;INFLAMMABLES 32C
DARSENA SUD 30C;INFLAMMABLES 32E
DARSENA SUD 30C;INFLAMMABLES 32F
DARSENA SUD 30C;INFLAMMABLES 32G
DARSENA SUD 30C;INFLAMMABLES 33B
DARSENA SUD 30C;INFLAMMABLES 34B
DARSENA SUD 30C;LEPANTO 27A
DARSENA SUD 30C;LEPANTO 27B
DARSENA SUD 30C;PONIENTE 20A
DARSENA SUD 30C;PONIENTE 20C
DARSENA SUD 30C;PONIENTE 20D
DARSENA SUD 30C;PRAT 36A
DARSENA SUD 30C;SUD (EN ESPERA) 24X
DARSENA SUD 30C;SUD (SUD) 24C
DARSENA SUD 30C;SUR (EST) 24B
DARSENA SUD 30C;SUR (NORD) 24A
DARSENA SUR 30A;DARSENA SUR 30B
DARSENA SUR 30A;Dique SUR
DARSENA SUR 30A;First Line
DARSENA SUR 30A;INFLAMMABLES 32B
DARSENA SUR 30A;INFLAMMABLES 33B
DARSENA SUR 30A;LEPANTO 27B
DARSENA SUR 30A;PONIENTE 20C
DARSENA SUR 30A;SUD (EN ESPERA) 24X
DARSENA SUR 30B;First Line
DARSENA SUR 30B;INFLAMMABLES 33B
DARSENA SUR 30B;LEPANTO 27B
DIC SEC 04A;BARCELONA 18B
DIC SEC 04A;BARCELONA 18C
DIC SEC 04A;BOSCHI ALSINA 16A
DIC SEC 04A;CATALUNYA 06C
DIC SEC 04A;CONTRADIC (EST) 22B
DIC SEC 04A;DIPOSIT 14A
DIC SEC 04A;ESPANYA 15A
DIC SEC 04A;ESPANYA 15B
DIC SEC 04A;First Line
DIC SEC 04A;LLEVANT 02B
DIC SEC 04A;LLEVANT 02D
DIC SEC 04A;LLEVENT 02C
DIC SEC 04A;MARINA'92 - NOU ESCAR 07A
DIC SEC 04A;MARINA'92 - NOU ESCAR 07B
DIC SEC 04A;MARINA'92 - NOU ESCAR 08A
DIC SEC 04A;MARINA'92 (NORD) 07C
DIC SEC 04A;MOLL DEL DIC FLOTANT 03B
DIC SEC 04A;MOLL DEL DIC SEC 03C
DIC SEC 04A;OCCIDENTAL 05B
DIC SEC 04A;ORIENTAL  03A
DIC SEC 04A;P. DE LA PAU - DRASSANES 17B
DIC SEC 04A;PESCADORS - BALEARS 10A
DIC SEC 04A;PESCADORS - BALEARS 10B
DIC SEC 04A;PESCADORS - BALEARS 11B
DIC SEC 04A;PONIENTE 20B
DIC SEC 04A;RELLOTGE 12A
DIC SEC 04A;SANT BERTRAN 19B
DIPOSIT 14A;BOSCHI ALSINA 16A
DIPOSIT 14A;CATALUNYA 06C
DIPOSIT 14A;ESPANYA 15B
DIPOSIT 14A;First Line
DIPOSIT 14A;LLEVANT 02B
DIPOSIT 14A;LLEVANT 02D
DIPOSIT 14A;LLEVENT 02C
DIPOSIT 14A;MARINA'92 - NOU ESCAR 07A
DIPOSIT 14A;P. DE LA PAU - DRASSANES 17B
DIPOSIT 14A;PESCADORS - BALEARS 10A
DIPOSIT 14A;PESCADORS - BALEARS 10B
DIPOSIT 14A;PESCADORS - BALEARS 11B
DIPOSIT 14A;PONIENTE 20B
Dique SUR;DARSENA SUR 30B
Dique SUR;First Line
Dique SUR;INFLAMMABLES 33B
Dique SUR;LEPANTO 27B
Dique SUR;PONIENTE 20C
ESPANYA 15A;BARCELONA 18B
ESPANYA 15A;BARCELONA 18C
ESPANYA 15A;BOSCHI ALSINA 16A
ESPANYA 15A;CATALUNYA 06C
ESPANYA 15A;CONTRADIC (EST) 22B
ESPANYA 15A;DIPOSIT 14A
ESPANYA 15A;ESPANYA 15B
ESPANYA 15A;First Line
ESPANYA 15A;LLEVANT 02B
ESPANYA 15A;LLEVANT 02D
ESPANYA 15A;LLEVENT 02C
ESPANYA 15A;MARINA'92 - NOU ESCAR 07A
ESPANYA 15A;MARINA'92 - NOU ESCAR 08A
ESPANYA 15A;MARINA'92 (NORD) 07C
ESPANYA 15A;MOLL DEL DIC FLOTANT 03B
ESPANYA 15A;MOLL DEL DIC SEC 03C
ESPANYA 15A;OCCIDENTAL 05B
ESPANYA 15A;ORIENTAL  03A
ESPANYA 15A;P. DE LA PAU - DRASSANES 17B
ESPANYA 15A;PESCADORS - BALEARS 10A
ESPANYA 15A;PESCADORS - BALEARS 10B
ESPANYA 15A;PESCADORS - BALEARS 11B
ESPANYA 15A;PONIENTE 20B
ESPANYA 15A;RELLOTGE 12A
ESPANYA 15A;SANT BERTRAN 19B
ESPANYA 15B;BOSCHI ALSINA 16A
ESPANYA 15B;CATALUNYA 06C
ESPANYA 15B;First Line
ESPANYA 15B;LLEVANT 02B
ESPANYA 15B;LLEVANT 02D
ESPANYA 15B;LLEVENT 02C
ESPANYA 15B;MARINA'92 - NOU ESCAR 07A
ESPANYA 15B;P. DE LA PAU - DRASSANES 17B
ESPANYA 15B;PESCADORS - BALEARS 10A
ESPANYA 15B;PESCADORS - BALEARS 10B
ESPANYA 15B;PESCADORS - BALEARS 11B
ESPANYA 15B;PONIENTE 20B
FONDEIG 90A;ALVAREZ DE LA CAMPA 26A
FONDEIG 90A;CONTRADIC (NORD) 22A
FONDEIG 90A;CONTRADIC (SUD) 22C
FONDEIG 90A;DARSENA INTERIOR A 31A
FONDEIG 90A;DARSENA INTERIOR B 31B
FONDEIG 90A;DARSENA SUD 30C
FONDEIG 90A;DARSENA SUR 30A
FONDEIG 90A;DARSENA SUR 30B
FONDEIG 90A;Dique SUR
FONDEIG 90A;First Line
FONDEIG 90A;INFLAMMABLES 32A
FONDEIG 90A;INFLAMMABLES 32B
FONDEIG 90A;INFLAMMABLES 32C
FONDEIG 90A;INFLAMMABLES 32D
FONDEIG 90A;INFLAMMABLES 32E
FONDEIG 90A;INFLAMMABLES 32F
FONDEIG 90A;INFLAMMABLES 32G
FONDEIG 90A;INFLAMMABLES 33B
FONDEIG 90A;INFLAMMABLES 34B
FONDEIG 90A;LEPANTO 27A
FONDEIG 90A;LEPANTO 27B
FONDEIG 90A;PONIENTE 20A
FONDEIG 90A;PONIENTE 20C
FONDEIG 90A;PONIENTE 20D
FONDEIG 90A;PRAT 36A
FONDEIG 90A;SUD (EN ESPERA) 24X
FONDEIG 90A;SUD (SUD) 24C
FONDEIG 90A;SUR (EST) 24B
FONDEIG 90A;SUR (NORD) 24A
INFLAMMABLES 32A;DARSENA INTERIOR A 31A
INFLAMMABLES 32A;DARSENA INTERIOR B 31B
INFLAMMABLES 32A;DARSENA SUR 30A
INFLAMMABLES 32A;DARSENA SUR 30B
INFLAMMABLES 32A;Dique SUR
INFLAMMABLES 32A;First Line
INFLAMMABLES 32A;INFLAMMABLES 32B
INFLAMMABLES 32A;INFLAMMABLES 32C
INFLAMMABLES 32A;INFLAMMABLES 32E
INFLAMMABLES 32A;INFLAMMABLES 32F
INFLAMMABLES 32A;INFLAMMABLES 32G
INFLAMMABLES 32A;INFLAMMABLES 33B
INFLAMMABLES 32A;INFLAMMABLES 34B
INFLAMMABLES 32A;LEPANTO 27A
INFLAMMABLES 32A;LEPANTO 27B
INFLAMMABLES 32A;PONIENTE 20A
INFLAMMABLES 32A;PONIENTE 20C
INFLAMMABLES 32A;SUD (EN ESPERA) 24X
INFLAMMABLES 32A;SUD (SUD) 24C
INFLAMMABLES 32A;SUR (EST) 24B
INFLAMMABLES 32A;SUR (NORD) 24A
INFLAMMABLES 32B;DARSENA SUR 30B
INFLAMMABLES 32B;Dique SUR
INFLAMMABLES 32B;First Line
INFLAMMABLES 32B;INFLAMMABLES 33B
INFLAMMABLES 32B;LEPANTO 27B
INFLAMMABLES 32B;PONIENTE 20C
INFLAMMABLES 32C;DARSENA SUR 30A
INFLAMMABLES 32C;DARSENA SUR 30B
INFLAMMABLES 32C;Dique SUR
INFLAMMABLES 32C;First Line
INFLAMMABLES 32C;INFLAMMABLES 32B
INFLAMMABLES 32C;INFLAMMABLES 33B
INFLAMMABLES 32C;LEPANTO 27B
INFLAMMABLES 32C;PONIENTE 20A
INFLAMMABLES 32C;PONIENTE 20C
INFLAMMABLES 32C;SUD (EN ESPERA) 24X
INFLAMMABLES 32D;ALVAREZ DE LA CAMPA 26A
INFLAMMABLES 32D;CONTRADIC (NORD) 22A
INFLAMMABLES 32D;DARSENA INTERIOR A 31A
INFLAMMABLES 32D;DARSENA INTERIOR B 31B
INFLAMMABLES 32D;DARSENA SUD 30C
INFLAMMABLES 32D;DARSENA SUR 30A
INFLAMMABLES 32D;DARSENA SUR 30B
INFLAMMABLES 32D;Dique SUR
INFLAMMABLES 32D;First Line
INFLAMMABLES 32D;INFLAMMABLES 32A
INFLAMMABLES 32D;INFLAMMABLES 32B
INFLAMMABLES 32D;INFLAMMABLES 32C
INFLAMMABLES 32D;INFLAMMABLES 32E
INFLAMMABLES 32D;INFLAMMABLES 32F
INFLAMMABLES 32D;INFLAMMABLES 32G
INFLAMMABLES 32D;INFLAMMABLES 33B
INFLAMMABLES 32D;INFLAMMABLES 34B
INFLAMMABLES 32D;LEPANTO 27A
INFLAMMABLES 32D;LEPANTO 27B
INFLAMMABLES 32D;PONIENTE 20A
INFLAMMABLES 32D;PONIENTE 20C
INFLAMMABLES 32D;PONIENTE 20D
INFLAMMABLES 32D;PRAT 36A
INFLAMMABLES 32D;SUD (EN ESPERA) 24X
INFLAMMABLES 32D;SUD (SUD) 24C
INFLAMMABLES 32D;SUR (EST) 24B
INFLAMMABLES 32D;SUR (NORD) 24A
INFLAMMABLES 32E;DARSENA INTERIOR B 31B
INFLAMMABLES 32E;DARSENA SUR 30A
INFLAMMABLES 32E;DARSENA SUR 30B
INFLAMMABLES 32E;Dique SUR
INFLAMMABLES 32E;First Line
INFLAMMABLES 32E;INFLAMMABLES 32B
INFLAMMABLES 32E;INFLAMMABLES 32C
INFLAMMABLES 32E;INFLAMMABLES 33B
INFLAMMABLES 32E;LEPANTO 27A
INFLAMMABLES 32E;LEPANTO 27B
INFLAMMABLES 32E;PONIENTE 20A
INFLAMMABLES 32E;PONIENTE 20C
INFLAMMABLES 32E;SUD (EN ESPERA) 24X
INFLAMMABLES 32F;DARSENA INTERIOR B 31B
INFLAMMABLES 32F;DARSENA SUR 30A
INFLAMMABLES 32F;DARSENA SUR 30B
INFLAMMABLES 32F;Dique SUR
INFLAMMABLES 32F;First Line
INFLAMMABLES 32F;INFLAMMABLES 32B
INFLAMMABLES 32F;INFLAMMABLES 32C
INFLAMMABLES 32F;INFLAMMABLES 32E
INFLAMMABLES 32F;INFLAMMABLES 33B
INFLAMMABLES 32F;LEPANTO 27A
INFLAMMABLES 32F;LEPANTO 27B
INFLAMMABLES 32F;PONIENTE 20A
INFLAMMABLES 32F;PONIENTE 20C
INFLAMMABLES 32F;SUD (EN ESPERA) 24X
INFLAMMABLES 32G;DARSENA INTERIOR B 31B
INFLAMMABLES 32G;DARSENA SUR 30A
INFLAMMABLES 32G;DARSENA SUR 30B
INFLAMMABLES 32G;Dique SUR
INFLAMMABLES 32G;First Line
INFLAMMABLES 32G;INFLAMMABLES 32B
INFLAMMABLES 32G;INFLAMMABLES 32C
INFLAMMABLES 32G;INFLAMMABLES 32E
INFLAMMABLES 32G;INFLAMMABLES 32F
INFLAMMABLES 32G;INFLAMMABLES 33B
INFLAMMABLES 32G;LEPANTO 27A
INFLAMMABLES 32G;LEPANTO 27B
INFLAMMABLES 32G;PONIENTE 20A
INFLAMMABLES 32G;PONIENTE 20C
INFLAMMABLES 32G;SUD (EN ESPERA) 24X
INFLAMMABLES 32G;SUR (EST) 24B
INFLAMMABLES 32G;SUR (NORD) 24A
INFLAMMABLES 33B;First Line
INFLAMMABLES 34B;DARSENA INTERIOR A 31A
INFLAMMABLES 34B;DARSENA INTERIOR B 31B
INFLAMMABLES 34B;DARSENA SUR 30A
INFLAMMABLES 34B;DARSENA SUR 30B
INFLAMMABLES 34B;Dique SUR
INFLAMMABLES 34B;First Line
INFLAMMABLES 34B;INFLAMMABLES 32B
INFLAMMABLES 34B;INFLAMMABLES 32C
INFLAMMABLES 34B;INFLAMMABLES 32E
INFLAMMABLES 34B;INFLAMMABLES 32F
INFLAMMABLES 34B;INFLAMMABLES 32G
INFLAMMABLES 34B;INFLAMMABLES 33B
INFLAMMABLES 34B;LEPANTO 27A
INFLAMMABLES 34B;LEPANTO 27B
INFLAMMABLES 34B;PONIENTE 20A
INFLAMMABLES 34B;PONIENTE 20C
INFLAMMABLES 34B;SUD (EN ESPERA) 24X
INFLAMMABLES 34B;SUD (SUD) 24C
INFLAMMABLES 34B;SUR (EST) 24B
INFLAMMABLES 34B;SUR (NORD) 24A
LA MAR 90B;4mn Boya N
LA MAR 90B;ADOSSAT 00A
LA MAR 90B;ADOSSAT 01D
LA MAR 90B;BARCELONA 18A
LA MAR 90B;BARCELONA 18B
LA MAR 90B;BARCELONA 18C
LA MAR 90B;BARCELONETA 13A
LA MAR 90B;Bocana N
LA MAR 90B;BOSCHI ALSINA 16A
LA MAR 90B;Boya N
LA MAR 90B;CATALUNYA 06C
LA MAR 90B;Conf. Urgente N
LA MAR 90B;CONTRADIC (EST) 22B
LA MAR 90B;DIC SEC 04A
LA MAR 90B;DIPOSIT 14A
LA MAR 90B;ESPANYA 15A
LA MAR 90B;ESPANYA 15B
LA MAR 90B;First Line
LA MAR 90B;LLEVANT 02B
LA MAR 90B;LLEVANT 02D
LA MAR 90B;LLEVENT 02C
LA MAR 90B;MARINA'92 - NOU ESCAR 07A
LA MAR 90B;MARINA'92 - NOU ESCAR 07B
LA MAR 90B;MARINA'92 - NOU ESCAR 08A
LA MAR 90B;MARINA'92 - NOU ESCAR 09A
LA MAR 90B;MARINA'92 (NORD) 07C
LA MAR 90B;MOLL DEL DIC FLOTANT 03B
LA MAR 90B;MOLL DEL DIC SEC 03C
LA MAR 90B;OCCIDENTAL 05B
LA MAR 90B;ORIENTAL  03A
LA MAR 90B;P. DE LA PAU - DRASSANES 17B
LA MAR 90B;Paso M Levante
LA MAR 90B;Paso WTC
LA MAR 90B;PESCADORS - BALEARS 10A
LA MAR 90B;PESCADORS - BALEARS 10B
LA MAR 90B;PESCADORS - BALEARS 10C
LA MAR 90B;PESCADORS - BALEARS 11B
LA MAR 90B;PONIENTE 20B
LA MAR 90B;Practico N
LA MAR 90B;RELLOTGE 12A
LA MAR 90B;SANT BERTRAN 19A
LA MAR 90B;SANT BERTRAN 19B
LA MAR 90B;Conf. Urgente S
LA MAR 90B;2mn Boya S
LA MAR 90B;Boya S
LA MAR 90B;Practico S
LA MAR 90B;Bocana S
LA MAR 90B;Paso Torre
LA MAR 90B;Paso A Campa
LA MAR 90B;Paso M Sur
LA MAR 90B;ADOSSAT 01D
LA MAR 90B;ADOSSAT 00A
LA MAR 90B;Paso M Contrad.
LA MAR 90B;COSTA 21A
LA MAR 90B;OESTE 23A
LA MAR 90B;PRINCEP D'ESPANYA 28A
LA MAR 90B;NOU CONTRADIC C 33C
LA MAR 90B;FONDEIG 90A
LA MAR 90B;CONTRADIC (SUD) 22C
LA MAR 90B;INFLAMMABLES 32D
LA MAR 90B;ALVAREZ DE LA CAMPA 26A
LA MAR 90B;DARSENA SUD 30C
LA MAR 90B;PONIENTE 20D
LA MAR 90B;PRAT 36A
LA MAR 90B;CONTRADIC (NORD) 22A
LA MAR 90B;INFLAMMABLES 32A
LA MAR 90B;INFLAMMABLES 34B
LA MAR 90B;DARSENA INTERIOR A 31A
LA MAR 90B;SUD (SUD) 24C
LA MAR 90B;INFLAMMABLES 32G
LA MAR 90B;SUR (EST) 24B
LA MAR 90B;CONTRADIC (EST) 22B
LA MAR 90B;SUR (NORD) 24A
LA MAR 90B;INFLAMMABLES 32F
LA MAR 90B;INFLAMMABLES 32E
LA MAR 90B;DARSENA INTERIOR B 31B
LA MAR 90B;LEPANTO 27A
LA MAR 90B;INFLAMMABLES 32C
LA MAR 90B;DARSENA SUR 30A
LA MAR 90B;SUD (EN ESPERA) 24X
LA MAR 90B;INFLAMMABLES 32B
LA MAR 90B;Dique SUR
LA MAR 90B;PONIENTE 20C
LA MAR 90B;DARSENA SUR 30B
LA MAR 90B;LEPANTO 27B
LA MAR 90B;INFLAMMABLES 33B
LA MAR 90B;First Line
LEPANTO 27A;DARSENA SUR 30A
LEPANTO 27A;DARSENA SUR 30B
LEPANTO 27A;Dique SUR
LEPANTO 27A;First Line
LEPANTO 27A;INFLAMMABLES 32B
LEPANTO 27A;INFLAMMABLES 32C
LEPANTO 27A;INFLAMMABLES 33B
LEPANTO 27A;LEPANTO 27B
LEPANTO 27A;PONIENTE 20A
LEPANTO 27A;PONIENTE 20C
LEPANTO 27A;SUD (EN ESPERA) 24X
LEPANTO 27B;First Line
LEPANTO 27B;INFLAMMABLES 33B
LLEVANT 02B;CATALUNYA 06C
LLEVANT 02B;First Line
LLEVANT 02B;PESCADORS - BALEARS 10A
LLEVANT 02B;PONIENTE 20B
LLEVANT 02D;CATALUNYA 06C
LLEVANT 02D;First Line
LLEVANT 02D;LLEVANT 02B
LLEVANT 02D;PESCADORS - BALEARS 10A
LLEVANT 02D;PONIENTE 20B
LLEVENT 02C;BOSCHI ALSINA 16A
LLEVENT 02C;CATALUNYA 06C
LLEVENT 02C;First Line
LLEVENT 02C;LLEVANT 02B
LLEVENT 02C;LLEVANT 02D
LLEVENT 02C;MARINA'92 - NOU ESCAR 07A
LLEVENT 02C;P. DE LA PAU - DRASSANES 17B
LLEVENT 02C;PESCADORS - BALEARS 10A
LLEVENT 02C;PESCADORS - BALEARS 10B
LLEVENT 02C;PESCADORS - BALEARS 11B
LLEVENT 02C;PONIENTE 20B
MARINA'92 - NOU ESCAR 07A;CATALUNYA 06C
MARINA'92 - NOU ESCAR 07A;First Line
MARINA'92 - NOU ESCAR 07A;LLEVANT 02B
MARINA'92 - NOU ESCAR 07A;LLEVANT 02D
MARINA'92 - NOU ESCAR 07A;PESCADORS - BALEARS 10A
MARINA'92 - NOU ESCAR 07A;PESCADORS - BALEARS 10B
MARINA'92 - NOU ESCAR 07A;PESCADORS - BALEARS 11B
MARINA'92 - NOU ESCAR 07A;PONIENTE 20B
MARINA'92 - NOU ESCAR 07B;BARCELONA 18B
MARINA'92 - NOU ESCAR 07B;BARCELONA 18C
MARINA'92 - NOU ESCAR 07B;BOSCHI ALSINA 16A
MARINA'92 - NOU ESCAR 07B;CATALUNYA 06C
MARINA'92 - NOU ESCAR 07B;CONTRADIC (EST) 22B
MARINA'92 - NOU ESCAR 07B;DIPOSIT 14A
MARINA'92 - NOU ESCAR 07B;ESPANYA 15A
MARINA'92 - NOU ESCAR 07B;ESPANYA 15B
MARINA'92 - NOU ESCAR 07B;First Line
MARINA'92 - NOU ESCAR 07B;LLEVANT 02B
MARINA'92 - NOU ESCAR 07B;LLEVANT 02D
MARINA'92 - NOU ESCAR 07B;LLEVENT 02C
MARINA'92 - NOU ESCAR 07B;MARINA'92 - NOU ESCAR 07A
MARINA'92 - NOU ESCAR 07B;MARINA'92 - NOU ESCAR 08A
MARINA'92 - NOU ESCAR 07B;MARINA'92 (NORD) 07C
MARINA'92 - NOU ESCAR 07B;MOLL DEL DIC FLOTANT 03B
MARINA'92 - NOU ESCAR 07B;MOLL DEL DIC SEC 03C
MARINA'92 - NOU ESCAR 07B;OCCIDENTAL 05B
MARINA'92 - NOU ESCAR 07B;ORIENTAL  03A
MARINA'92 - NOU ESCAR 07B;P. DE LA PAU - DRASSANES 17B
MARINA'92 - NOU ESCAR 07B;PESCADORS - BALEARS 10A
MARINA'92 - NOU ESCAR 07B;PESCADORS - BALEARS 10B
MARINA'92 - NOU ESCAR 07B;PESCADORS - BALEARS 11B
MARINA'92 - NOU ESCAR 07B;PONIENTE 20B
MARINA'92 - NOU ESCAR 07B;RELLOTGE 12A
MARINA'92 - NOU ESCAR 07B;SANT BERTRAN 19B
MARINA'92 - NOU ESCAR 08A;BARCELONA 18B
MARINA'92 - NOU ESCAR 08A;BOSCHI ALSINA 16A
MARINA'92 - NOU ESCAR 08A;CATALUNYA 06C
MARINA'92 - NOU ESCAR 08A;DIPOSIT 14A
MARINA'92 - NOU ESCAR 08A;ESPANYA 15B
MARINA'92 - NOU ESCAR 08A;First Line
MARINA'92 - NOU ESCAR 08A;LLEVANT 02B
MARINA'92 - NOU ESCAR 08A;LLEVANT 02D
MARINA'92 - NOU ESCAR 08A;LLEVENT 02C
MARINA'92 - NOU ESCAR 08A;MARINA'92 - NOU ESCAR 07A
MARINA'92 - NOU ESCAR 08A;MARINA'92 (NORD) 07C
MARINA'92 - NOU ESCAR 08A;MOLL DEL DIC FLOTANT 03B
MARINA'92 - NOU ESCAR 08A;OCCIDENTAL 05B
MARINA'92 - NOU ESCAR 08A;P. DE LA PAU - DRASSANES 17B
MARINA'92 - NOU ESCAR 08A;PESCADORS - BALEARS 10A
MARINA'92 - NOU ESCAR 08A;PESCADORS - BALEARS 10B
MARINA'92 - NOU ESCAR 08A;PESCADORS - BALEARS 11B
MARINA'92 - NOU ESCAR 08A;PONIENTE 20B
MARINA'92 - NOU ESCAR 08A;RELLOTGE 12A
MARINA'92 - NOU ESCAR 09A;BARCELONA 18B
MARINA'92 - NOU ESCAR 09A;BARCELONA 18C
MARINA'92 - NOU ESCAR 09A;BOSCHI ALSINA 16A
MARINA'92 - NOU ESCAR 09A;CATALUNYA 06C
MARINA'92 - NOU ESCAR 09A;CONTRADIC (EST) 22B
MARINA'92 - NOU ESCAR 09A;DIC SEC 04A
MARINA'92 - NOU ESCAR 09A;DIPOSIT 14A
MARINA'92 - NOU ESCAR 09A;ESPANYA 15A
MARINA'92 - NOU ESCAR 09A;ESPANYA 15B
MARINA'92 - NOU ESCAR 09A;First Line
MARINA'92 - NOU ESCAR 09A;LLEVANT 02B
MARINA'92 - NOU ESCAR 09A;LLEVANT 02D
MARINA'92 - NOU ESCAR 09A;LLEVENT 02C
MARINA'92 - NOU ESCAR 09A;MARINA'92 - NOU ESCAR 07A
MARINA'92 - NOU ESCAR 09A;MARINA'92 - NOU ESCAR 07B
MARINA'92 - NOU ESCAR 09A;MARINA'92 - NOU ESCAR 08A
MARINA'92 - NOU ESCAR 09A;MARINA'92 (NORD) 07C
MARINA'92 - NOU ESCAR 09A;MOLL DEL DIC FLOTANT 03B
MARINA'92 - NOU ESCAR 09A;MOLL DEL DIC SEC 03C
MARINA'92 - NOU ESCAR 09A;OCCIDENTAL 05B
MARINA'92 - NOU ESCAR 09A;ORIENTAL  03A
MARINA'92 - NOU ESCAR 09A;P. DE LA PAU - DRASSANES 17B
MARINA'92 - NOU ESCAR 09A;PESCADORS - BALEARS 10A
MARINA'92 - NOU ESCAR 09A;PESCADORS - BALEARS 10B
MARINA'92 - NOU ESCAR 09A;PESCADORS - BALEARS 11B
MARINA'92 - NOU ESCAR 09A;PONIENTE 20B
MARINA'92 - NOU ESCAR 09A;RELLOTGE 12A
MARINA'92 - NOU ESCAR 09A;SANT BERTRAN 19A
MARINA'92 - NOU ESCAR 09A;SANT BERTRAN 19B
MARINA'92 (NORD) 07C;BARCELONA 18B
MARINA'92 (NORD) 07C;BOSCHI ALSINA 16A
MARINA'92 (NORD) 07C;CATALUNYA 06C
MARINA'92 (NORD) 07C;DIPOSIT 14A
MARINA'92 (NORD) 07C;ESPANYA 15B
MARINA'92 (NORD) 07C;First Line
MARINA'92 (NORD) 07C;LLEVANT 02B
MARINA'92 (NORD) 07C;LLEVANT 02D
MARINA'92 (NORD) 07C;LLEVENT 02C
MARINA'92 (NORD) 07C;MARINA'92 - NOU ESCAR 07A
MARINA'92 (NORD) 07C;MOLL DEL DIC FLOTANT 03B
MARINA'92 (NORD) 07C;P. DE LA PAU - DRASSANES 17B
MARINA'92 (NORD) 07C;PESCADORS - BALEARS 10A
MARINA'92 (NORD) 07C;PESCADORS - BALEARS 10B
MARINA'92 (NORD) 07C;PESCADORS - BALEARS 11B
MARINA'92 (NORD) 07C;PONIENTE 20B
MOLL DEL DIC FLOTANT 03B;BARCELONA 18B
MOLL DEL DIC FLOTANT 03B;BOSCHI ALSINA 16A
MOLL DEL DIC FLOTANT 03B;CATALUNYA 06C
MOLL DEL DIC FLOTANT 03B;DIPOSIT 14A
MOLL DEL DIC FLOTANT 03B;ESPANYA 15B
MOLL DEL DIC FLOTANT 03B;First Line
MOLL DEL DIC FLOTANT 03B;LLEVANT 02B
MOLL DEL DIC FLOTANT 03B;LLEVANT 02D
MOLL DEL DIC FLOTANT 03B;LLEVENT 02C
MOLL DEL DIC FLOTANT 03B;MARINA'92 - NOU ESCAR 07A
MOLL DEL DIC FLOTANT 03B;P. DE LA PAU - DRASSANES 17B
MOLL DEL DIC FLOTANT 03B;PESCADORS - BALEARS 10A
MOLL DEL DIC FLOTANT 03B;PESCADORS - BALEARS 10B
MOLL DEL DIC FLOTANT 03B;PESCADORS - BALEARS 11B
MOLL DEL DIC FLOTANT 03B;PONIENTE 20B
MOLL DEL DIC SEC 03C;BARCELONA 18B
MOLL DEL DIC SEC 03C;BARCELONA 18C
MOLL DEL DIC SEC 03C;BOSCHI ALSINA 16A
MOLL DEL DIC SEC 03C;CATALUNYA 06C
MOLL DEL DIC SEC 03C;DIPOSIT 14A
MOLL DEL DIC SEC 03C;ESPANYA 15B
MOLL DEL DIC SEC 03C;First Line
MOLL DEL DIC SEC 03C;LLEVANT 02B
MOLL DEL DIC SEC 03C;LLEVANT 02D
MOLL DEL DIC SEC 03C;LLEVENT 02C
MOLL DEL DIC SEC 03C;MARINA'92 - NOU ESCAR 07A
MOLL DEL DIC SEC 03C;MARINA'92 - NOU ESCAR 08A
MOLL DEL DIC SEC 03C;MARINA'92 (NORD) 07C
MOLL DEL DIC SEC 03C;MOLL DEL DIC FLOTANT 03B
MOLL DEL DIC SEC 03C;OCCIDENTAL 05B
MOLL DEL DIC SEC 03C;P. DE LA PAU - DRASSANES 17B
MOLL DEL DIC SEC 03C;PESCADORS - BALEARS 10A
MOLL DEL DIC SEC 03C;PESCADORS - BALEARS 10B
MOLL DEL DIC SEC 03C;PESCADORS - BALEARS 11B
MOLL DEL DIC SEC 03C;PONIENTE 20B
MOLL DEL DIC SEC 03C;RELLOTGE 12A
NOU CONTRADIC C 33C;ALVAREZ DE LA CAMPA 26A
NOU CONTRADIC C 33C;CONTRADIC (NORD) 22A
NOU CONTRADIC C 33C;CONTRADIC (SUD) 22C
NOU CONTRADIC C 33C;DARSENA INTERIOR A 31A
NOU CONTRADIC C 33C;DARSENA INTERIOR B 31B
NOU CONTRADIC C 33C;DARSENA SUD 30C
NOU CONTRADIC C 33C;DARSENA SUR 30A
NOU CONTRADIC C 33C;DARSENA SUR 30B
NOU CONTRADIC C 33C;Dique SUR
NOU CONTRADIC C 33C;First Line
NOU CONTRADIC C 33C;FONDEIG 90A
NOU CONTRADIC C 33C;INFLAMMABLES 32A
NOU CONTRADIC C 33C;INFLAMMABLES 32B
NOU CONTRADIC C 33C;INFLAMMABLES 32C
NOU CONTRADIC C 33C;INFLAMMABLES 32D
NOU CONTRADIC C 33C;INFLAMMABLES 32E
NOU CONTRADIC C 33C;INFLAMMABLES 32F
NOU CONTRADIC C 33C;INFLAMMABLES 32G
NOU CONTRADIC C 33C;INFLAMMABLES 33B
NOU CONTRADIC C 33C;INFLAMMABLES 34B
NOU CONTRADIC C 33C;LEPANTO 27A
NOU CONTRADIC C 33C;LEPANTO 27B
NOU CONTRADIC C 33C;PONIENTE 20A
NOU CONTRADIC C 33C;PONIENTE 20C
NOU CONTRADIC C 33C;PONIENTE 20D
NOU CONTRADIC C 33C;PRAT 36A
NOU CONTRADIC C 33C;SUD (EN ESPERA) 24X
NOU CONTRADIC C 33C;SUD (SUD) 24C
NOU CONTRADIC C 33C;SUR (EST) 24B
NOU CONTRADIC C 33C;SUR (NORD) 24A
OCCIDENTAL 05B;BARCELONA 18B
OCCIDENTAL 05B;BOSCHI ALSINA 16A
OCCIDENTAL 05B;CATALUNYA 06C
OCCIDENTAL 05B;DIPOSIT 14A
OCCIDENTAL 05B;ESPANYA 15B
OCCIDENTAL 05B;First Line
OCCIDENTAL 05B;LLEVANT 02B
OCCIDENTAL 05B;LLEVANT 02D
OCCIDENTAL 05B;LLEVENT 02C
OCCIDENTAL 05B;MARINA'92 - NOU ESCAR 07A
OCCIDENTAL 05B;MARINA'92 (NORD) 07C
OCCIDENTAL 05B;MOLL DEL DIC FLOTANT 03B
OCCIDENTAL 05B;P. DE LA PAU - DRASSANES 17B
OCCIDENTAL 05B;PESCADORS - BALEARS 10A
OCCIDENTAL 05B;PESCADORS - BALEARS 10B
OCCIDENTAL 05B;PESCADORS - BALEARS 11B
OCCIDENTAL 05B;PONIENTE 20B
OCCIDENTAL 05B;RELLOTGE 12A
OESTE 23A;ALVAREZ DE LA CAMPA 26A
OESTE 23A;CONTRADIC (NORD) 22A
OESTE 23A;CONTRADIC (SUD) 22C
OESTE 23A;DARSENA INTERIOR A 31A
OESTE 23A;DARSENA INTERIOR B 31B
OESTE 23A;DARSENA SUD 30C
OESTE 23A;DARSENA SUR 30A
OESTE 23A;DARSENA SUR 30B
OESTE 23A;Dique SUR
OESTE 23A;First Line
OESTE 23A;FONDEIG 90A
OESTE 23A;INFLAMMABLES 32A
OESTE 23A;INFLAMMABLES 32B
OESTE 23A;INFLAMMABLES 32C
OESTE 23A;INFLAMMABLES 32D
OESTE 23A;INFLAMMABLES 32E
OESTE 23A;INFLAMMABLES 32F
OESTE 23A;INFLAMMABLES 32G
OESTE 23A;INFLAMMABLES 33B
OESTE 23A;INFLAMMABLES 34B
OESTE 23A;LEPANTO 27A
OESTE 23A;LEPANTO 27B
OESTE 23A;NOU CONTRADIC C 33C
OESTE 23A;PONIENTE 20A
OESTE 23A;PONIENTE 20C
OESTE 23A;PONIENTE 20D
OESTE 23A;PRAT 36A
OESTE 23A;PRINCEP D'ESPANYA 28A
OESTE 23A;SUD (EN ESPERA) 24X
OESTE 23A;SUD (SUD) 24C
OESTE 23A;SUR (EST) 24B
OESTE 23A;SUR (NORD) 24A
ORIENTAL  03A;BARCELONA 18B
ORIENTAL  03A;BARCELONA 18C
ORIENTAL  03A;BOSCHI ALSINA 16A
ORIENTAL  03A;CATALUNYA 06C
ORIENTAL  03A;CONTRADIC (EST) 22B
ORIENTAL  03A;DIPOSIT 14A
ORIENTAL  03A;ESPANYA 15B
ORIENTAL  03A;First Line
ORIENTAL  03A;LLEVANT 02B
ORIENTAL  03A;LLEVANT 02D
ORIENTAL  03A;LLEVENT 02C
ORIENTAL  03A;MARINA'92 - NOU ESCAR 07A
ORIENTAL  03A;MARINA'92 - NOU ESCAR 08A
ORIENTAL  03A;MARINA'92 (NORD) 07C
ORIENTAL  03A;MOLL DEL DIC FLOTANT 03B
ORIENTAL  03A;MOLL DEL DIC SEC 03C
ORIENTAL  03A;OCCIDENTAL 05B
ORIENTAL  03A;P. DE LA PAU - DRASSANES 17B
ORIENTAL  03A;PESCADORS - BALEARS 10A
ORIENTAL  03A;PESCADORS - BALEARS 10B
ORIENTAL  03A;PESCADORS - BALEARS 11B
ORIENTAL  03A;PONIENTE 20B
ORIENTAL  03A;RELLOTGE 12A
ORIENTAL  03A;SANT BERTRAN 19B
P. DE LA PAU - DRASSANES 17B;CATALUNYA 06C
P. DE LA PAU - DRASSANES 17B;First Line
P. DE LA PAU - DRASSANES 17B;LLEVANT 02B
P. DE LA PAU - DRASSANES 17B;LLEVANT 02D
P. DE LA PAU - DRASSANES 17B;MARINA'92 - NOU ESCAR 07A
P. DE LA PAU - DRASSANES 17B;PESCADORS - BALEARS 10A
P. DE LA PAU - DRASSANES 17B;PESCADORS - BALEARS 10B
P. DE LA PAU - DRASSANES 17B;PESCADORS - BALEARS 11B
P. DE LA PAU - DRASSANES 17B;PONIENTE 20B
Paso A Campa;ALVAREZ DE LA CAMPA 26A
Paso A Campa;CONTRADIC (NORD) 22A
Paso A Campa;CONTRADIC (SUD) 22C
Paso A Campa;COSTA 21A
Paso A Campa;DARSENA INTERIOR A 31A
Paso A Campa;DARSENA INTERIOR B 31B
Paso A Campa;DARSENA SUD 30C
Paso A Campa;DARSENA SUR 30A
Paso A Campa;DARSENA SUR 30B
Paso A Campa;Dique SUR
Paso A Campa;First Line
Paso A Campa;FONDEIG 90A
Paso A Campa;INFLAMMABLES 32A
Paso A Campa;INFLAMMABLES 32B
Paso A Campa;INFLAMMABLES 32C
Paso A Campa;INFLAMMABLES 32D
Paso A Campa;INFLAMMABLES 32E
Paso A Campa;INFLAMMABLES 32F
Paso A Campa;INFLAMMABLES 32G
Paso A Campa;INFLAMMABLES 33B
Paso A Campa;INFLAMMABLES 34B
Paso A Campa;LEPANTO 27A
Paso A Campa;LEPANTO 27B
Paso A Campa;NOU CONTRADIC C 33C
Paso A Campa;OESTE 23A
Paso A Campa;Paso M Contrad.
Paso A Campa;Paso M Sur
Paso A Campa;PONIENTE 20A
Paso A Campa;PONIENTE 20C
Paso A Campa;PONIENTE 20D
Paso A Campa;PRAT 36A
Paso A Campa;PRINCEP D'ESPANYA 28A
Paso A Campa;SUD (EN ESPERA) 24X
Paso A Campa;SUD (SUD) 24C
Paso A Campa;SUR (EST) 24B
Paso A Campa;SUR (NORD) 24A
Paso M Contrad.;ALVAREZ DE LA CAMPA 26A
Paso M Contrad.;CONTRADIC (NORD) 22A
Paso M Contrad.;CONTRADIC (SUD) 22C
Paso M Contrad.;COSTA 21A
Paso M Contrad.;DARSENA INTERIOR A 31A
Paso M Contrad.;DARSENA INTERIOR B 31B
Paso M Contrad.;DARSENA SUD 30C
Paso M Contrad.;DARSENA SUR 30A
Paso M Contrad.;DARSENA SUR 30B
Paso M Contrad.;Dique SUR
Paso M Contrad.;First Line
Paso M Contrad.;FONDEIG 90A
Paso M Contrad.;INFLAMMABLES 32A
Paso M Contrad.;INFLAMMABLES 32B
Paso M Contrad.;INFLAMMABLES 32C
Paso M Contrad.;INFLAMMABLES 32D
Paso M Contrad.;INFLAMMABLES 32E
Paso M Contrad.;INFLAMMABLES 32F
Paso M Contrad.;INFLAMMABLES 32G
Paso M Contrad.;INFLAMMABLES 33B
Paso M Contrad.;INFLAMMABLES 34B
Paso M Contrad.;LEPANTO 27A
Paso M Contrad.;LEPANTO 27B
Paso M Contrad.;NOU CONTRADIC C 33C
Paso M Contrad.;OESTE 23A
Paso M Contrad.;PONIENTE 20A
Paso M Contrad.;PONIENTE 20C
Paso M Contrad.;PONIENTE 20D
Paso M Contrad.;PRAT 36A
Paso M Contrad.;PRINCEP D'ESPANYA 28A
Paso M Contrad.;SUD (EN ESPERA) 24X
Paso M Contrad.;SUD (SUD) 24C
Paso M Contrad.;SUR (EST) 24B
Paso M Contrad.;SUR (NORD) 24A
Paso M Levante;ADOSSAT 00A
Paso M Levante;ADOSSAT 01D
Paso M Levante;BARCELONA 18A
Paso M Levante;BARCELONA 18B
Paso M Levante;BARCELONA 18C
Paso M Levante;BARCELONETA 13A
Paso M Levante;BOSCHI ALSINA 16A
Paso M Levante;CATALUNYA 06C
Paso M Levante;CONTRADIC (EST) 22B
Paso M Levante;DIC SEC 04A
Paso M Levante;DIPOSIT 14A
Paso M Levante;ESPANYA 15A
Paso M Levante;ESPANYA 15B
Paso M Levante;First Line
Paso M Levante;LLEVANT 02B
Paso M Levante;LLEVANT 02D
Paso M Levante;LLEVENT 02C
Paso M Levante;MARINA'92 - NOU ESCAR 07A
Paso M Levante;MARINA'92 - NOU ESCAR 07B
Paso M Levante;MARINA'92 - NOU ESCAR 08A
Paso M Levante;MARINA'92 - NOU ESCAR 09A
Paso M Levante;MARINA'92 (NORD) 07C
Paso M Levante;MOLL DEL DIC FLOTANT 03B
Paso M Levante;MOLL DEL DIC SEC 03C
Paso M Levante;OCCIDENTAL 05B
Paso M Levante;ORIENTAL  03A
Paso M Levante;P. DE LA PAU - DRASSANES 17B
Paso M Levante;Paso WTC
Paso M Levante;PESCADORS - BALEARS 10A
Paso M Levante;PESCADORS - BALEARS 10B
Paso M Levante;PESCADORS - BALEARS 10C
Paso M Levante;PESCADORS - BALEARS 11B
Paso M Levante;PONIENTE 20B
Paso M Levante;RELLOTGE 12A
Paso M Levante;SANT BERTRAN 19A
Paso M Levante;SANT BERTRAN 19B
Paso M Sur;ALVAREZ DE LA CAMPA 26A
Paso M Sur;CONTRADIC (NORD) 22A
Paso M Sur;CONTRADIC (SUD) 22C
Paso M Sur;COSTA 21A
Paso M Sur;DARSENA INTERIOR A 31A
Paso M Sur;DARSENA INTERIOR B 31B
Paso M Sur;DARSENA SUD 30C
Paso M Sur;DARSENA SUR 30A
Paso M Sur;DARSENA SUR 30B
Paso M Sur;Dique SUR
Paso M Sur;First Line
Paso M Sur;FONDEIG 90A
Paso M Sur;INFLAMMABLES 32A
Paso M Sur;INFLAMMABLES 32B
Paso M Sur;INFLAMMABLES 32C
Paso M Sur;INFLAMMABLES 32D
Paso M Sur;INFLAMMABLES 32E
Paso M Sur;INFLAMMABLES 32F
Paso M Sur;INFLAMMABLES 32G
Paso M Sur;INFLAMMABLES 33B
Paso M Sur;INFLAMMABLES 34B
Paso M Sur;LEPANTO 27A
Paso M Sur;LEPANTO 27B
Paso M Sur;NOU CONTRADIC C 33C
Paso M Sur;OESTE 23A
Paso M Sur;Paso M Contrad.
Paso M Sur;PONIENTE 20A
Paso M Sur;PONIENTE 20C
Paso M Sur;PONIENTE 20D
Paso M Sur;PRAT 36A
Paso M Sur;PRINCEP D'ESPANYA 28A
Paso M Sur;SUD (EN ESPERA) 24X
Paso M Sur;SUD (SUD) 24C
Paso M Sur;SUR (EST) 24B
Paso M Sur;SUR (NORD) 24A
Paso Torre;ALVAREZ DE LA CAMPA 26A
Paso Torre;CONTRADIC (NORD) 22A
Paso Torre;CONTRADIC (SUD) 22C
Paso Torre;COSTA 21A
Paso Torre;DARSENA INTERIOR A 31A
Paso Torre;DARSENA INTERIOR B 31B
Paso Torre;DARSENA SUD 30C
Paso Torre;DARSENA SUR 30A
Paso Torre;DARSENA SUR 30B
Paso Torre;Dique SUR
Paso Torre;First Line
Paso Torre;FONDEIG 90A
Paso Torre;INFLAMMABLES 32A
Paso Torre;INFLAMMABLES 32B
Paso Torre;INFLAMMABLES 32C
Paso Torre;INFLAMMABLES 32D
Paso Torre;INFLAMMABLES 32E
Paso Torre;INFLAMMABLES 32F
Paso Torre;INFLAMMABLES 32G
Paso Torre;INFLAMMABLES 33B
Paso Torre;INFLAMMABLES 34B
Paso Torre;LEPANTO 27A
Paso Torre;LEPANTO 27B
Paso Torre;NOU CONTRADIC C 33C
Paso Torre;OESTE 23A
Paso Torre;Paso A Campa
Paso Torre;Paso M Contrad.
Paso Torre;Paso M Sur
Paso Torre;PONIENTE 20A
Paso Torre;PONIENTE 20C
Paso Torre;PONIENTE 20D
Paso Torre;PRAT 36A
Paso Torre;PRINCEP D'ESPANYA 28A
Paso Torre;SUD (EN ESPERA) 24X
Paso Torre;SUD (SUD) 24C
Paso Torre;SUR (EST) 24B
Paso Torre;SUR (NORD) 24A
Paso WTC;ADOSSAT 00A
Paso WTC;ADOSSAT 01D
Paso WTC;BARCELONA 18A
Paso WTC;BARCELONA 18B
Paso WTC;BARCELONA 18C
Paso WTC;BARCELONETA 13A
Paso WTC;BOSCHI ALSINA 16A
Paso WTC;CATALUNYA 06C
Paso WTC;CONTRADIC (EST) 22B
Paso WTC;DIC SEC 04A
Paso WTC;DIPOSIT 14A
Paso WTC;ESPANYA 15A
Paso WTC;ESPANYA 15B
Paso WTC;First Line
Paso WTC;LLEVANT 02B
Paso WTC;LLEVANT 02D
Paso WTC;LLEVENT 02C
Paso WTC;MARINA'92 - NOU ESCAR 07A
Paso WTC;MARINA'92 - NOU ESCAR 07B
Paso WTC;MARINA'92 - NOU ESCAR 08A
Paso WTC;MARINA'92 - NOU ESCAR 09A
Paso WTC;MARINA'92 (NORD) 07C
Paso WTC;MOLL DEL DIC FLOTANT 03B
Paso WTC;MOLL DEL DIC SEC 03C
Paso WTC;OCCIDENTAL 05B
Paso WTC;ORIENTAL  03A
Paso WTC;P. DE LA PAU - DRASSANES 17B
Paso WTC;PESCADORS - BALEARS 10A
Paso WTC;PESCADORS - BALEARS 10B
Paso WTC;PESCADORS - BALEARS 10C
Paso WTC;PESCADORS - BALEARS 11B
Paso WTC;PONIENTE 20B
Paso WTC;RELLOTGE 12A
Paso WTC;SANT BERTRAN 19A
Paso WTC;SANT BERTRAN 19B
PESCADORS - BALEARS 10A;First Line
PESCADORS - BALEARS 10B;CATALUNYA 06C
PESCADORS - BALEARS 10B;First Line
PESCADORS - BALEARS 10B;LLEVANT 02B
PESCADORS - BALEARS 10B;LLEVANT 02D
PESCADORS - BALEARS 10B;PESCADORS - BALEARS 10A
PESCADORS - BALEARS 10B;PESCADORS - BALEARS 11B
PESCADORS - BALEARS 10B;PONIENTE 20B
PESCADORS - BALEARS 10C;BARCELONA 18A
PESCADORS - BALEARS 10C;BARCELONA 18B
PESCADORS - BALEARS 10C;BARCELONA 18C
PESCADORS - BALEARS 10C;BOSCHI ALSINA 16A
PESCADORS - BALEARS 10C;CATALUNYA 06C
PESCADORS - BALEARS 10C;CONTRADIC (EST) 22B
PESCADORS - BALEARS 10C;DIC SEC 04A
PESCADORS - BALEARS 10C;DIPOSIT 14A
PESCADORS - BALEARS 10C;ESPANYA 15A
PESCADORS - BALEARS 10C;ESPANYA 15B
PESCADORS - BALEARS 10C;First Line
PESCADORS - BALEARS 10C;LLEVANT 02B
PESCADORS - BALEARS 10C;LLEVANT 02D
PESCADORS - BALEARS 10C;LLEVENT 02C
PESCADORS - BALEARS 10C;MARINA'92 - NOU ESCAR 07A
PESCADORS - BALEARS 10C;MARINA'92 - NOU ESCAR 07B
PESCADORS - BALEARS 10C;MARINA'92 - NOU ESCAR 08A
PESCADORS - BALEARS 10C;MARINA'92 - NOU ESCAR 09A
PESCADORS - BALEARS 10C;MARINA'92 (NORD) 07C
PESCADORS - BALEARS 10C;MOLL DEL DIC FLOTANT 03B
PESCADORS - BALEARS 10C;MOLL DEL DIC SEC 03C
PESCADORS - BALEARS 10C;OCCIDENTAL 05B
PESCADORS - BALEARS 10C;ORIENTAL  03A
PESCADORS - BALEARS 10C;P. DE LA PAU - DRASSANES 17B
PESCADORS - BALEARS 10C;PESCADORS - BALEARS 10A
PESCADORS - BALEARS 10C;PESCADORS - BALEARS 10B
PESCADORS - BALEARS 10C;PESCADORS - BALEARS 11B
PESCADORS - BALEARS 10C;PONIENTE 20B
PESCADORS - BALEARS 10C;RELLOTGE 12A
PESCADORS - BALEARS 10C;SANT BERTRAN 19A
PESCADORS - BALEARS 10C;SANT BERTRAN 19B
PESCADORS - BALEARS 11B;CATALUNYA 06C
PESCADORS - BALEARS 11B;First Line
PESCADORS - BALEARS 11B;LLEVANT 02B
PESCADORS - BALEARS 11B;LLEVANT 02D
PESCADORS - BALEARS 11B;PESCADORS - BALEARS 10A
PESCADORS - BALEARS 11B;PONIENTE 20B
PONIENTE 20A;DARSENA SUR 30A
PONIENTE 20A;DARSENA SUR 30B
PONIENTE 20A;Dique SUR
PONIENTE 20A;First Line
PONIENTE 20A;INFLAMMABLES 32B
PONIENTE 20A;INFLAMMABLES 33B
PONIENTE 20A;LEPANTO 27B
PONIENTE 20A;PONIENTE 20C
PONIENTE 20A;SUD (EN ESPERA) 24X
PONIENTE 20B;CATALUNYA 06C
PONIENTE 20B;First Line
PONIENTE 20B;PESCADORS - BALEARS 10A
PONIENTE 20C;DARSENA SUR 30B
PONIENTE 20C;First Line
PONIENTE 20C;INFLAMMABLES 33B
PONIENTE 20C;LEPANTO 27B
PONIENTE 20D;DARSENA INTERIOR A 31A
PONIENTE 20D;DARSENA INTERIOR B 31B
PONIENTE 20D;DARSENA SUR 30A
PONIENTE 20D;DARSENA SUR 30B
PONIENTE 20D;Dique SUR
PONIENTE 20D;First Line
PONIENTE 20D;INFLAMMABLES 32A
PONIENTE 20D;INFLAMMABLES 32B
PONIENTE 20D;INFLAMMABLES 32C
PONIENTE 20D;INFLAMMABLES 32E
PONIENTE 20D;INFLAMMABLES 32E
PONIENTE 20D;INFLAMMABLES 32F
PONIENTE 20D;INFLAMMABLES 32F
PONIENTE 20D;INFLAMMABLES 32G
PONIENTE 20D;INFLAMMABLES 33B
PONIENTE 20D;INFLAMMABLES 34B
PONIENTE 20D;LEPANTO 27A
PONIENTE 20D;LEPANTO 27B
PONIENTE 20D;PONIENTE 20A
PONIENTE 20D;PONIENTE 20C
PONIENTE 20D;SUD (EN ESPERA) 24X
PONIENTE 20D;SUD (SUD) 24C
PONIENTE 20D;SUR (EST) 24B
PONIENTE 20D;SUR (NORD) 24A
Practico N;ADOSSAT 00A
Practico N;ADOSSAT 01D
Practico N;BARCELONA 18A
Practico N;BARCELONA 18B
Practico N;BARCELONA 18C
Practico N;BARCELONETA 13A
Practico N;Bocana N
Practico N;BOSCHI ALSINA 16A
Practico N;CATALUNYA 06C
Practico N;CONTRADIC (EST) 22B
Practico N;DIC SEC 04A
Practico N;DIPOSIT 14A
Practico N;ESPANYA 15A
Practico N;ESPANYA 15B
Practico N;First Line
Practico N;LLEVANT 02B
Practico N;LLEVANT 02D
Practico N;LLEVENT 02C
Practico N;MARINA'92 - NOU ESCAR 07A
Practico N;MARINA'92 - NOU ESCAR 07B
Practico N;MARINA'92 - NOU ESCAR 08A
Practico N;MARINA'92 - NOU ESCAR 09A
Practico N;MARINA'92 (NORD) 07C
Practico N;MOLL DEL DIC FLOTANT 03B
Practico N;MOLL DEL DIC SEC 03C
Practico N;OCCIDENTAL 05B
Practico N;ORIENTAL  03A
Practico N;P. DE LA PAU - DRASSANES 17B
Practico N;Paso M Levante
Practico N;Paso WTC
Practico N;PESCADORS - BALEARS 10A
Practico N;PESCADORS - BALEARS 10B
Practico N;PESCADORS - BALEARS 10C
Practico N;PESCADORS - BALEARS 11B
Practico N;PONIENTE 20B
Practico N;RELLOTGE 12A
Practico N;SANT BERTRAN 19A
Practico N;SANT BERTRAN 19B
Practico S;ALVAREZ DE LA CAMPA 26A
Practico S;Bocana S
Practico S;CONTRADIC (NORD) 22A
Practico S;CONTRADIC (SUD) 22C
Practico S;COSTA 21A
Practico S;DARSENA INTERIOR A 31A
Practico S;DARSENA INTERIOR B 31B
Practico S;DARSENA SUD 30C
Practico S;DARSENA SUR 30A
Practico S;DARSENA SUR 30B
Practico S;Dique SUR
Practico S;First Line
Practico S;FONDEIG 90A
Practico S;INFLAMMABLES 32A
Practico S;INFLAMMABLES 32B
Practico S;INFLAMMABLES 32C
Practico S;INFLAMMABLES 32D
Practico S;INFLAMMABLES 32E
Practico S;INFLAMMABLES 32F
Practico S;INFLAMMABLES 32G
Practico S;INFLAMMABLES 33B
Practico S;INFLAMMABLES 34B
Practico S;LEPANTO 27A
Practico S;LEPANTO 27B
Practico S;NOU CONTRADIC C 33C
Practico S;OESTE 23A
Practico S;Paso A Campa
Practico S;Paso M Contrad.
Practico S;Paso M Sur
Practico S;Paso Torre
Practico S;PONIENTE 20A
Practico S;PONIENTE 20C
Practico S;PONIENTE 20D
Practico S;PRAT 36A
Practico S;PRINCEP D'ESPANYA 28A
Practico S;SUD (EN ESPERA) 24X
Practico S;SUD (SUD) 24C
Practico S;SUR (EST) 24B
Practico S;SUR (NORD) 24A
PRAT 36A;CONTRADIC (NORD) 22A
PRAT 36A;DARSENA INTERIOR A 31A
PRAT 36A;DARSENA INTERIOR B 31B
PRAT 36A;DARSENA SUR 30A
PRAT 36A;DARSENA SUR 30B
PRAT 36A;Dique SUR
PRAT 36A;First Line
PRAT 36A;INFLAMMABLES 32A
PRAT 36A;INFLAMMABLES 32B
PRAT 36A;INFLAMMABLES 32C
PRAT 36A;INFLAMMABLES 32E
PRAT 36A;INFLAMMABLES 32F
PRAT 36A;INFLAMMABLES 32G
PRAT 36A;INFLAMMABLES 33B
PRAT 36A;INFLAMMABLES 34B
PRAT 36A;LEPANTO 27A
PRAT 36A;LEPANTO 27B
PRAT 36A;PONIENTE 20A
PRAT 36A;PONIENTE 20C
PRAT 36A;SUD (EN ESPERA) 24X
PRAT 36A;SUD (SUD) 24C
PRAT 36A;SUR (EST) 24B
PRAT 36A;SUR (NORD) 24A
PRINCEP D'ESPANYA 28A;ALVAREZ DE LA CAMPA 26A
PRINCEP D'ESPANYA 28A;CONTRADIC (NORD) 22A
PRINCEP D'ESPANYA 28A;CONTRADIC (SUD) 22C
PRINCEP D'ESPANYA 28A;DARSENA INTERIOR A 31A
PRINCEP D'ESPANYA 28A;DARSENA INTERIOR B 31B
PRINCEP D'ESPANYA 28A;DARSENA SUD 30C
PRINCEP D'ESPANYA 28A;DARSENA SUR 30A
PRINCEP D'ESPANYA 28A;DARSENA SUR 30B
PRINCEP D'ESPANYA 28A;Dique SUR
PRINCEP D'ESPANYA 28A;First Line
PRINCEP D'ESPANYA 28A;FONDEIG 90A
PRINCEP D'ESPANYA 28A;INFLAMMABLES 32A
PRINCEP D'ESPANYA 28A;INFLAMMABLES 32B
PRINCEP D'ESPANYA 28A;INFLAMMABLES 32C
PRINCEP D'ESPANYA 28A;INFLAMMABLES 32D
PRINCEP D'ESPANYA 28A;INFLAMMABLES 32E
PRINCEP D'ESPANYA 28A;INFLAMMABLES 32F
PRINCEP D'ESPANYA 28A;INFLAMMABLES 32G
PRINCEP D'ESPANYA 28A;INFLAMMABLES 33B
PRINCEP D'ESPANYA 28A;INFLAMMABLES 34B
PRINCEP D'ESPANYA 28A;LEPANTO 27A
PRINCEP D'ESPANYA 28A;LEPANTO 27B
PRINCEP D'ESPANYA 28A;NOU CONTRADIC C 33C
PRINCEP D'ESPANYA 28A;PONIENTE 20A
PRINCEP D'ESPANYA 28A;PONIENTE 20C
PRINCEP D'ESPANYA 28A;PONIENTE 20D
PRINCEP D'ESPANYA 28A;PRAT 36A
PRINCEP D'ESPANYA 28A;SUD (EN ESPERA) 24X
PRINCEP D'ESPANYA 28A;SUD (SUD) 24C
PRINCEP D'ESPANYA 28A;SUR (EST) 24B
PRINCEP D'ESPANYA 28A;SUR (NORD) 24A
RELLOTGE 12A;BARCELONA 18B
RELLOTGE 12A;BOSCHI ALSINA 16A
RELLOTGE 12A;CATALUNYA 06C
RELLOTGE 12A;DIPOSIT 14A
RELLOTGE 12A;ESPANYA 15B
RELLOTGE 12A;First Line
RELLOTGE 12A;LLEVANT 02B
RELLOTGE 12A;LLEVANT 02D
RELLOTGE 12A;LLEVENT 02C
RELLOTGE 12A;MARINA'92 - NOU ESCAR 07A
RELLOTGE 12A;MARINA'92 (NORD) 07C
RELLOTGE 12A;MOLL DEL DIC FLOTANT 03B
RELLOTGE 12A;P. DE LA PAU - DRASSANES 17B
RELLOTGE 12A;PESCADORS - BALEARS 10A
RELLOTGE 12A;PESCADORS - BALEARS 10B
RELLOTGE 12A;PESCADORS - BALEARS 11B
RELLOTGE 12A;PONIENTE 20B
SANT BERTRAN 19A;BARCELONA 18B
SANT BERTRAN 19A;BARCELONA 18C
SANT BERTRAN 19A;BOSCHI ALSINA 16A
SANT BERTRAN 19A;CATALUNYA 06C
SANT BERTRAN 19A;CONTRADIC (EST) 22B
SANT BERTRAN 19A;DIC SEC 04A
SANT BERTRAN 19A;DIPOSIT 14A
SANT BERTRAN 19A;ESPANYA 15A
SANT BERTRAN 19A;ESPANYA 15B
SANT BERTRAN 19A;First Line
SANT BERTRAN 19A;LLEVANT 02B
SANT BERTRAN 19A;LLEVANT 02D
SANT BERTRAN 19A;LLEVENT 02C
SANT BERTRAN 19A;MARINA'92 - NOU ESCAR 07A
SANT BERTRAN 19A;MARINA'92 - NOU ESCAR 07B
SANT BERTRAN 19A;MARINA'92 - NOU ESCAR 08A
SANT BERTRAN 19A;MARINA'92 (NORD) 07C
SANT BERTRAN 19A;MOLL DEL DIC FLOTANT 03B
SANT BERTRAN 19A;MOLL DEL DIC SEC 03C
SANT BERTRAN 19A;OCCIDENTAL 05B
SANT BERTRAN 19A;ORIENTAL  03A
SANT BERTRAN 19A;P. DE LA PAU - DRASSANES 17B
SANT BERTRAN 19A;PESCADORS - BALEARS 10A
SANT BERTRAN 19A;PESCADORS - BALEARS 10B
SANT BERTRAN 19A;PESCADORS - BALEARS 11B
SANT BERTRAN 19A;PONIENTE 20B
SANT BERTRAN 19A;RELLOTGE 12A
SANT BERTRAN 19A;SANT BERTRAN 19B
SANT BERTRAN 19B;BARCELONA 18B
SANT BERTRAN 19B;BARCELONA 18C
SANT BERTRAN 19B;BOSCHI ALSINA 16A
SANT BERTRAN 19B;CATALUNYA 06C
SANT BERTRAN 19B;CONTRADIC (EST) 22B
SANT BERTRAN 19B;DIPOSIT 14A
SANT BERTRAN 19B;ESPANYA 15B
SANT BERTRAN 19B;First Line
SANT BERTRAN 19B;LLEVANT 02B
SANT BERTRAN 19B;LLEVANT 02D
SANT BERTRAN 19B;LLEVENT 02C
SANT BERTRAN 19B;MARINA'92 - NOU ESCAR 07A
SANT BERTRAN 19B;MARINA'92 - NOU ESCAR 08A
SANT BERTRAN 19B;MARINA'92 (NORD) 07C
SANT BERTRAN 19B;MOLL DEL DIC FLOTANT 03B
SANT BERTRAN 19B;MOLL DEL DIC SEC 03C
SANT BERTRAN 19B;OCCIDENTAL 05B
SANT BERTRAN 19B;P. DE LA PAU - DRASSANES 17B
SANT BERTRAN 19B;PESCADORS - BALEARS 10A
SANT BERTRAN 19B;PESCADORS - BALEARS 10B
SANT BERTRAN 19B;PESCADORS - BALEARS 11B
SANT BERTRAN 19B;PONIENTE 20B
SANT BERTRAN 19B;RELLOTGE 12A
SUD (EN ESPERA) 24X;DARSENA SUR 30B
SUD (EN ESPERA) 24X;Dique SUR
SUD (EN ESPERA) 24X;First Line
SUD (EN ESPERA) 24X;INFLAMMABLES 32B
SUD (EN ESPERA) 24X;INFLAMMABLES 33B
SUD (EN ESPERA) 24X;LEPANTO 27B
SUD (EN ESPERA) 24X;PONIENTE 20C
SUD (SUD) 24C;DARSENA INTERIOR B 31B
SUD (SUD) 24C;DARSENA SUR 30A
SUD (SUD) 24C;DARSENA SUR 30B
SUD (SUD) 24C;Dique SUR
SUD (SUD) 24C;First Line
SUD (SUD) 24C;INFLAMMABLES 32B
SUD (SUD) 24C;INFLAMMABLES 32C
SUD (SUD) 24C;INFLAMMABLES 32E
SUD (SUD) 24C;INFLAMMABLES 32F
SUD (SUD) 24C;INFLAMMABLES 32G
SUD (SUD) 24C;INFLAMMABLES 33B
SUD (SUD) 24C;LEPANTO 27A
SUD (SUD) 24C;LEPANTO 27B
SUD (SUD) 24C;PONIENTE 20A
SUD (SUD) 24C;PONIENTE 20C
SUD (SUD) 24C;SUD (EN ESPERA) 24X
SUD (SUD) 24C;SUR (EST) 24B
SUD (SUD) 24C;SUR (NORD) 24A
SUR (EST) 24B;DARSENA INTERIOR B 31B
SUR (EST) 24B;DARSENA SUR 30A
SUR (EST) 24B;DARSENA SUR 30B
SUR (EST) 24B;Dique SUR
SUR (EST) 24B;First Line
SUR (EST) 24B;INFLAMMABLES 32B
SUR (EST) 24B;INFLAMMABLES 32C
SUR (EST) 24B;INFLAMMABLES 32E
SUR (EST) 24B;INFLAMMABLES 32F
SUR (EST) 24B;INFLAMMABLES 33B
SUR (EST) 24B;LEPANTO 27A
SUR (EST) 24B;LEPANTO 27B
SUR (EST) 24B;PONIENTE 20A
SUR (EST) 24B;PONIENTE 20C
SUR (EST) 24B;SUD (EN ESPERA) 24X
SUR (EST) 24B;SUR (NORD) 24A
SUR (NORD) 24A;DARSENA INTERIOR B 31B
SUR (NORD) 24A;DARSENA SUR 30A
SUR (NORD) 24A;DARSENA SUR 30B
SUR (NORD) 24A;Dique SUR
SUR (NORD) 24A;First Line
SUR (NORD) 24A;INFLAMMABLES 32B
SUR (NORD) 24A;INFLAMMABLES 32C
SUR (NORD) 24A;INFLAMMABLES 32E
SUR (NORD) 24A;INFLAMMABLES 32F
SUR (NORD) 24A;INFLAMMABLES 33B
SUR (NORD) 24A;LEPANTO 27A
SUR (NORD) 24A;LEPANTO 27B
SUR (NORD) 24A;PONIENTE 20A
SUR (NORD) 24A;PONIENTE 20C
SUR (NORD) 24A;SUD (EN ESPERA) 24X
